product_key,stored_name,original_name,path,mime_type,extension,size_bytes,checksum_sha256,width,height,alt_text,sort_order,is_primary
MAZAK-LASER-NOZZLE,aa0650afabc8c1a5fcc0581f07de23d249e59412c3b81131839e5c25fab1956a.jpg,mazak-laser-nozzle-1000x1000.jpg,products/aa0650afabc8c1a5fcc0581f07de23d249e59412c3b81131839e5c25fab1956a.jpg,image/jpeg,jpg,112626,aa0650afabc8c1a5fcc0581f07de23d249e59412c3b81131839e5c25fab1956a,986,1000,Mazak Laser Nozzle,0,true
MAZAK-LASER-NOZZLE,27d6e0b6391b5e8224c6da0531be64ada4b1239f01a69a53ec16b51f0dfb3692.jpg,product-jpeg-500x500.jpg,products/27d6e0b6391b5e8224c6da0531be64ada4b1239f01a69a53ec16b51f0dfb3692.jpg,image/jpeg,jpg,29757,27d6e0b6391b5e8224c6da0531be64ada4b1239f01a69a53ec16b51f0dfb3692,500,448,Mazak Laser Nozzle,10,false
MAZAK-LASER-NOZZLE,2eec45ce80c66c7663acc3ca49909bd02f279e8ca11afe1597271e08c2f6d0e2.jpg,mazak-laser-nozzle-1000x1000.jpg,products/2eec45ce80c66c7663acc3ca49909bd02f279e8ca11afe1597271e08c2f6d0e2.jpg,image/jpeg,jpg,85689,2eec45ce80c66c7663acc3ca49909bd02f279e8ca11afe1597271e08c2f6d0e2,986,1000,Mazak Laser Nozzle,20,false
MAZAK-LASER-NOZZLE,36f87d2cf716bba49fbb43445c4dccc422fa0ff3ba0e1c098209b094e2e98523.jpg,mazak-laser-nozzle-1000x1000.jpg,products/36f87d2cf716bba49fbb43445c4dccc422fa0ff3ba0e1c098209b094e2e98523.jpg,image/jpeg,jpg,28105,36f87d2cf716bba49fbb43445c4dccc422fa0ff3ba0e1c098209b094e2e98523,1000,712,Mazak Laser Nozzle,30,false
ZAP-IT-LASER-ALIGNMENT-PAPER,54b75c464557c8b395dc38bee1aa9c5c1888912ca0c4eff4bd1b9200adaae0b7.webp,zap-it-laser-alignment-paper-4-x-8-inches-1000x1000.webp,products/54b75c464557c8b395dc38bee1aa9c5c1888912ca0c4eff4bd1b9200adaae0b7.webp,image/webp,webp,44145,54b75c464557c8b395dc38bee1aa9c5c1888912ca0c4eff4bd1b9200adaae0b7,811,1000,Zap IT Laser Alignment Paper,0,true
ZAP-IT-LASER-ALIGNMENT-PAPER,cff39de71242a0bfed98eb5333d336063adf0724093c694928d747f56de8c05b.jpg,zap-it-laser-alignment-paper-4-x-8-inches-1000x1000.jpg,products/cff39de71242a0bfed98eb5333d336063adf0724093c694928d747f56de8c05b.jpg,image/jpeg,jpg,37379,cff39de71242a0bfed98eb5333d336063adf0724093c694928d747f56de8c05b,565,544,Zap IT Laser Alignment Paper,10,false
ZAP-IT-LASER-ALIGNMENT-PAPER,0b55d2f3845399b069c12dfe4103c7eb888ca3555206f97b3c1aeec294e7b68f.jpg,zap-it-laser-alignment-paper-4-x-8-inches-500x500.jpg,products/0b55d2f3845399b069c12dfe4103c7eb888ca3555206f97b3c1aeec294e7b68f.jpg,image/jpeg,jpg,15319,0b55d2f3845399b069c12dfe4103c7eb888ca3555206f97b3c1aeec294e7b68f,363,500,Zap IT Laser Alignment Paper,20,false
ZAP-IT-LASER-ALIGNMENT-PAPER,a240c3fc5700fd467a20510923aa28e053e7e6619e18109d005f9b324e7bc381.jpeg,zap-it-laser-alignment-paper-4-x-8-inches-1000x1000.jpeg,products/a240c3fc5700fd467a20510923aa28e053e7e6619e18109d005f9b324e7bc381.jpeg,image/jpeg,jpeg,23613,a240c3fc5700fd467a20510923aa28e053e7e6619e18109d005f9b324e7bc381,538,742,Zap IT Laser Alignment Paper,30,false
ZAP-IT-LASER-ALIGNMENT-PAPER,e2379d5fe3c2c0371a5d802c8429c28ee83efb40582bccc0cbbdd0fa2d2c2043.webp,zap-it-laser-alignment-paper-4-x-8-inches-1000x1000.webp,products/e2379d5fe3c2c0371a5d802c8429c28ee83efb40582bccc0cbbdd0fa2d2c2043.webp,image/webp,webp,41341,e2379d5fe3c2c0371a5d802c8429c28ee83efb40582bccc0cbbdd0fa2d2c2043,800,1000,Zap IT Laser Alignment Paper,40,false
ZAP-IT-LASER-ALIGNMENT-PAPER,ba7a50f199b172037e76b911c0b1a6adf910edfd695187c230c3ea9a8848b280.webp,zap-it-laser-alignment-paper-4-x-8-inches-1000x1000.webp,products/ba7a50f199b172037e76b911c0b1a6adf910edfd695187c230c3ea9a8848b280.webp,image/webp,webp,41549,ba7a50f199b172037e76b911c0b1a6adf910edfd695187c230c3ea9a8848b280,740,1000,Zap IT Laser Alignment Paper,50,false
LASER-MACHINE-BELLOW-COVER,473ef5247fb1db1e30185522eb690d74a16dc81003c8e8d7272dd4f5e81ef431.jpg,laser-machine-bellow-cover-1000x1000.jpg,products/473ef5247fb1db1e30185522eb690d74a16dc81003c8e8d7272dd4f5e81ef431.jpg,image/jpeg,jpg,76265,473ef5247fb1db1e30185522eb690d74a16dc81003c8e8d7272dd4f5e81ef431,998,1000,Laser Machine Bellow Cover,0,true
LASER-MACHINE-BELLOW-COVER,e9187d43072bf3708c64beb8dbd3dc2ddd147c09d341378d2f332cc5ea6391a1.jpg,product-jpeg-500x500.jpg,products/e9187d43072bf3708c64beb8dbd3dc2ddd147c09d341378d2f332cc5ea6391a1.jpg,image/jpeg,jpg,53638,e9187d43072bf3708c64beb8dbd3dc2ddd147c09d341378d2f332cc5ea6391a1,481,500,Laser Machine Bellow Cover,10,false
LASER-MACHINE-BELLOW-COVER,97ddb157505f09179a976226855edb2d4843f9e1970d2f9760b52cec768015f5.jpeg,laser-machine-bellow-cover-1000x1000.jpeg,products/97ddb157505f09179a976226855edb2d4843f9e1970d2f9760b52cec768015f5.jpeg,image/jpeg,jpeg,212568,97ddb157505f09179a976226855edb2d4843f9e1970d2f9760b52cec768015f5,1000,750,Laser Machine Bellow Cover,20,false
LASER-MACHINE-BELLOW-COVER,91f05ffb8edb3a4527d66af76ead2f55463870e9ad17af73a056b9a5f636c872.png,laser-machine-bellow-cover-1000x1000.png,products/91f05ffb8edb3a4527d66af76ead2f55463870e9ad17af73a056b9a5f636c872.png,image/png,png,391089,91f05ffb8edb3a4527d66af76ead2f55463870e9ad17af73a056b9a5f636c872,1000,882,Laser Machine Bellow Cover,30,false
LASER-MACHINE-BELLOW-COVER,a52ec796044a8c75683262eecbfbab04cf023c2531d0934783b8131c4008b834.jpg,laser-machine-bellow-cover-1000x1000.jpg,products/a52ec796044a8c75683262eecbfbab04cf023c2531d0934783b8131c4008b834.jpg,image/jpeg,jpg,78292,a52ec796044a8c75683262eecbfbab04cf023c2531d0934783b8131c4008b834,1000,884,Laser Machine Bellow Cover,40,false
LASER-CUTTING-MACHINE-BELLOW,11fb73352cadeb4729b84efee9b8e1ebb27be07064fa4b06c109cec2e732d99f.png,laser-bellow-500x500.png,products/11fb73352cadeb4729b84efee9b8e1ebb27be07064fa4b06c109cec2e732d99f.png,image/png,png,61331,11fb73352cadeb4729b84efee9b8e1ebb27be07064fa4b06c109cec2e732d99f,500,292,Laser Cutting Machine Bellow,0,true
LASER-CUTTING-MACHINE-BELLOW,959ec428f0418db7d861bed1f3968b12c4f729fb86433dcd2d52dff812430a1e.png,laser-cutting-machine-bellow-1000x1000.png,products/959ec428f0418db7d861bed1f3968b12c4f729fb86433dcd2d52dff812430a1e.png,image/png,png,155523,959ec428f0418db7d861bed1f3968b12c4f729fb86433dcd2d52dff812430a1e,1000,583,Laser Cutting Machine Bellow,10,false
LASER-CUTTING-MACHINE-BELLOW,30e66c9beb22e089ebaf6dd5b5af76094e18c75f9a5735d87bcb1bfe16c0b0d6.jpg,laser-cutting-machine-bellow-1000x1000.jpg,products/30e66c9beb22e089ebaf6dd5b5af76094e18c75f9a5735d87bcb1bfe16c0b0d6.jpg,image/jpeg,jpg,52457,30e66c9beb22e089ebaf6dd5b5af76094e18c75f9a5735d87bcb1bfe16c0b0d6,1000,1000,Laser Cutting Machine Bellow,20,false
LASER-CUTTING-MACHINE-BELLOW,473ef5247fb1db1e30185522eb690d74a16dc81003c8e8d7272dd4f5e81ef431.jpg,laser-cutting-machine-bellow-1000x1000.jpg,products/473ef5247fb1db1e30185522eb690d74a16dc81003c8e8d7272dd4f5e81ef431.jpg,image/jpeg,jpg,76265,473ef5247fb1db1e30185522eb690d74a16dc81003c8e8d7272dd4f5e81ef431,998,1000,Laser Cutting Machine Bellow,30,false
1662197-BELLOWS-FOLDING,c7449b29a9dba1f807ad599818f23a8950cc95c50460c3502fd6ec21bd8b6c3b.jpg,1662197-bellows-folding-1000x1000.jpg,products/c7449b29a9dba1f807ad599818f23a8950cc95c50460c3502fd6ec21bd8b6c3b.jpg,image/jpeg,jpg,126075,c7449b29a9dba1f807ad599818f23a8950cc95c50460c3502fd6ec21bd8b6c3b,750,1000,1662197 BELLOWS FOLDING,0,true
1662197-BELLOWS-FOLDING,f091fa4a48a59450451a0ea13b8232536c1ca121e8b5413c1c2e558ec78e6610.jpg,1662197-bellows-folding-1000x1000.jpg,products/f091fa4a48a59450451a0ea13b8232536c1ca121e8b5413c1c2e558ec78e6610.jpg,image/jpeg,jpg,75613,f091fa4a48a59450451a0ea13b8232536c1ca121e8b5413c1c2e558ec78e6610,750,1000,1662197 BELLOWS FOLDING,10,false
1662197-BELLOWS-FOLDING,907ca5273a06d1d0722e4ab900764d26fe7dd2d7f6bb1e037906390b20a48c8c.jpg,1662197-bellows-folding-1000x1000.jpg,products/907ca5273a06d1d0722e4ab900764d26fe7dd2d7f6bb1e037906390b20a48c8c.jpg,image/jpeg,jpg,122558,907ca5273a06d1d0722e4ab900764d26fe7dd2d7f6bb1e037906390b20a48c8c,750,1000,1662197 BELLOWS FOLDING,20,false
PRECITEC-CERAMIC-HOLDER,de8232c0cfaa053228fc970608f7daaf224f3f507fc0df517d109b2f9d94db7a.jpg,kjellberg-plasma-cutting-systems-500x500.jpg,products/de8232c0cfaa053228fc970608f7daaf224f3f507fc0df517d109b2f9d94db7a.jpg,image/jpeg,jpg,12943,de8232c0cfaa053228fc970608f7daaf224f3f507fc0df517d109b2f9d94db7a,500,500,Precitec Ceramic Holder,0,true
PRECITEC-CERAMIC-HOLDER,d841f7b8de0cd216714da026d648f12577df97cb1b75d33a96a7cc5b3a0c2c00.png,precitec-ceramic-holder-1000x1000.png,products/d841f7b8de0cd216714da026d648f12577df97cb1b75d33a96a7cc5b3a0c2c00.png,image/png,png,596337,d841f7b8de0cd216714da026d648f12577df97cb1b75d33a96a7cc5b3a0c2c00,1000,1000,Precitec Ceramic Holder,10,false
PRECITEC-CERAMIC-HOLDER,951a3dd929889a8935dc5059f88106f1506be47ee332f250d6545686cc3a86db.png,precitec-ceramic-holder-1000x1000.png,products/951a3dd929889a8935dc5059f88106f1506be47ee332f250d6545686cc3a86db.png,image/png,png,589387,951a3dd929889a8935dc5059f88106f1506be47ee332f250d6545686cc3a86db,1000,1000,Precitec Ceramic Holder,20,false
8MM-CERAMIC-HOLDER,83f8a8a8d44922b45d78703f796ab89eb2c0ba0ff3d74b9098c6645e1994ac1a.jpg,ceramic-part-replaces-0936678-2509767-1000x1000.jpg,products/83f8a8a8d44922b45d78703f796ab89eb2c0ba0ff3d74b9098c6645e1994ac1a.jpg,image/jpeg,jpg,33975,83f8a8a8d44922b45d78703f796ab89eb2c0ba0ff3d74b9098c6645e1994ac1a,1000,1000,8mm Ceramic Holder,0,true
8MM-CERAMIC-HOLDER,01e66f646ac57a432906cb2671855328b5ac0ccb1cf5e6a9fd231de59b0b6f2a.png,ceramic-part-replaces-0936678-2509767-1000x1000.png,products/01e66f646ac57a432906cb2671855328b5ac0ccb1cf5e6a9fd231de59b0b6f2a.png,image/png,png,163379,01e66f646ac57a432906cb2671855328b5ac0ccb1cf5e6a9fd231de59b0b6f2a,1000,979,8mm Ceramic Holder,10,false
8MM-CERAMIC-HOLDER,4bf57f6f005cf6e1eca1fe4d3eb2567b2f89a457193e717f02d9934d96534037.png,ceramic-part-replaces-0936678-2509767-1000x1000.png,products/4bf57f6f005cf6e1eca1fe4d3eb2567b2f89a457193e717f02d9934d96534037.png,image/png,png,158505,4bf57f6f005cf6e1eca1fe4d3eb2567b2f89a457193e717f02d9934d96534037,1000,975,8mm Ceramic Holder,20,false
8MM-CERAMIC-HOLDER,07916a96bc142956c5ccd9323062a618505d81dfa9dea250d92df9fd45ca9466.png,ceramic-part-replaces-0936678-2509767-1000x1000.png,products/07916a96bc142956c5ccd9323062a618505d81dfa9dea250d92df9fd45ca9466.png,image/png,png,10329,07916a96bc142956c5ccd9323062a618505d81dfa9dea250d92df9fd45ca9466,649,1000,8mm Ceramic Holder,30,false
D32-RAYTOOL-CERAMIC-RING,8569a584633ff2b42fa11cbeaf98a85bade266bccdc6f39a6889edaf7682fc41.jpg,raytool-ceramic-ring-1000x1000.jpg,products/8569a584633ff2b42fa11cbeaf98a85bade266bccdc6f39a6889edaf7682fc41.jpg,image/jpeg,jpg,53542,8569a584633ff2b42fa11cbeaf98a85bade266bccdc6f39a6889edaf7682fc41,1000,948,D32 Raytool Ceramic Ring,0,true
D32-RAYTOOL-CERAMIC-RING,816677cfa162436bbcd8dc71652897e9ac5ea492997aa15e361d49e7e19c88b5.jpg,raytool-ceramic-ring-1000x1000.jpg,products/816677cfa162436bbcd8dc71652897e9ac5ea492997aa15e361d49e7e19c88b5.jpg,image/jpeg,jpg,42920,816677cfa162436bbcd8dc71652897e9ac5ea492997aa15e361d49e7e19c88b5,1000,768,D32 Raytool Ceramic Ring,10,false
D32-RAYTOOL-CERAMIC-RING,80caf9677f965b37aa3174810de49b11bcc29ff901e2e0de286ba4e0f1dd61f1.jpg,raytool-ceramic-ring-d32-1000x1000.jpg,products/80caf9677f965b37aa3174810de49b11bcc29ff901e2e0de286ba4e0f1dd61f1.jpg,image/jpeg,jpg,38687,80caf9677f965b37aa3174810de49b11bcc29ff901e2e0de286ba4e0f1dd61f1,1000,896,D32 Raytool Ceramic Ring,20,false
OSPRI-DIA-28-CERAMIC-RING,eb3c9b06be785061da6769a0f679ab25b40f359f8740b3d7fb196e5ae970ebc6.jpg,ceramic-ring-for-ospri-dia-28-1000x1000.jpg,products/eb3c9b06be785061da6769a0f679ab25b40f359f8740b3d7fb196e5ae970ebc6.jpg,image/jpeg,jpg,26576,eb3c9b06be785061da6769a0f679ab25b40f359f8740b3d7fb196e5ae970ebc6,1000,813,Ospri Dia 28 Ceramic Ring,0,true
OSPRI-DIA-28-CERAMIC-RING,61e928a51452da22bbf9d92980cfb32d6b4183221f20feb9e1f18be07009582e.jpg,ceramic-ring-for-ospri-dia-28-1000x1000.jpg,products/61e928a51452da22bbf9d92980cfb32d6b4183221f20feb9e1f18be07009582e.jpg,image/jpeg,jpg,46276,61e928a51452da22bbf9d92980cfb32d6b4183221f20feb9e1f18be07009582e,1000,760,Ospri Dia 28 Ceramic Ring,10,false
OSPRI-DIA-28-CERAMIC-RING,168480a7b2914c672b01109cb511cf06f35a4ed82d2a821f4f204474fbc692a0.jpg,ceramic-ring-for-ospri-dia-28-1000x1000.jpg,products/168480a7b2914c672b01109cb511cf06f35a4ed82d2a821f4f204474fbc692a0.jpg,image/jpeg,jpg,40815,168480a7b2914c672b01109cb511cf06f35a4ed82d2a821f4f204474fbc692a0,1000,898,Ospri Dia 28 Ceramic Ring,20,false
BOCI-PIPE-CUTTING-TUBE-CUTTING-CERAMIC-RING,229ddbf3ca63224242e2fafbe5e300bb48d025fcaf24e6476031328a1120a091.jpg,boci-pipe-cutting-tube-cutting-ceramic-ring-i-dia-20mm-1000x1000.jpg,products/229ddbf3ca63224242e2fafbe5e300bb48d025fcaf24e6476031328a1120a091.jpg,image/jpeg,jpg,23757,229ddbf3ca63224242e2fafbe5e300bb48d025fcaf24e6476031328a1120a091,1000,589,Boci Pipe Cutting Tube Cutting Ceramic Ring,0,true
BOCI-PIPE-CUTTING-TUBE-CUTTING-CERAMIC-RING,168480a7b2914c672b01109cb511cf06f35a4ed82d2a821f4f204474fbc692a0.jpg,raytool-3d-ceramic-ring-dia-19-5-1000x1000.jpg,products/168480a7b2914c672b01109cb511cf06f35a4ed82d2a821f4f204474fbc692a0.jpg,image/jpeg,jpg,40815,168480a7b2914c672b01109cb511cf06f35a4ed82d2a821f4f204474fbc692a0,1000,898,Boci Pipe Cutting Tube Cutting Ceramic Ring,10,false
BOCI-PIPE-CUTTING-TUBE-CUTTING-CERAMIC-RING,333fbe7995a291ab946cbc41bf35ebb35b2b1ad40ed9b5af6f3eba86e5f141da.jpeg,raytool-3d-ceramic-ring-dia-21-4-1000x1000.jpeg,products/333fbe7995a291ab946cbc41bf35ebb35b2b1ad40ed9b5af6f3eba86e5f141da.jpeg,image/jpeg,jpeg,17009,333fbe7995a291ab946cbc41bf35ebb35b2b1ad40ed9b5af6f3eba86e5f141da,1000,1000,Boci Pipe Cutting Tube Cutting Ceramic Ring,20,false
BS12K-RAYTOOLS-CERAMIC-RING,65086316afdf0bbdfee5785e132b1d099db9836d2eedb40b91e4b101394a10a2.jpg,raytools-ceramic-ring-bs12k-bs15k-bs20k-1000x1000.jpg,products/65086316afdf0bbdfee5785e132b1d099db9836d2eedb40b91e4b101394a10a2.jpg,image/jpeg,jpg,38640,65086316afdf0bbdfee5785e132b1d099db9836d2eedb40b91e4b101394a10a2,1000,1000,BS12k Raytools Ceramic Ring,0,true
BS12K-RAYTOOLS-CERAMIC-RING,a71a9d56d1c753c35c7c3f20f90ea12259a7d73bf8a5081475a2fff36e2824ff.jpg,raytools-ceramic-ring-bs12k-bs15k-bs20k-1000x1000.jpg,products/a71a9d56d1c753c35c7c3f20f90ea12259a7d73bf8a5081475a2fff36e2824ff.jpg,image/jpeg,jpg,39294,a71a9d56d1c753c35c7c3f20f90ea12259a7d73bf8a5081475a2fff36e2824ff,1000,904,BS12k Raytools Ceramic Ring,10,false
BS12K-RAYTOOLS-CERAMIC-RING,a1d675745870618e9e0f652dcdde14117114bf799cac7100c4aef3208c55035a.jpeg,raytools-ceramic-ring-bs12k-bs15k-bs20k-1000x1000.jpeg,products/a1d675745870618e9e0f652dcdde14117114bf799cac7100c4aef3208c55035a.jpeg,image/jpeg,jpeg,24263,a1d675745870618e9e0f652dcdde14117114bf799cac7100c4aef3208c55035a,1000,775,BS12k Raytools Ceramic Ring,20,false
10MM-BOCI-CERAMIC-RING,65086316afdf0bbdfee5785e132b1d099db9836d2eedb40b91e4b101394a10a2.jpg,boci-ceramic-ring-i-dia-40-8-1000x1000.jpg,products/65086316afdf0bbdfee5785e132b1d099db9836d2eedb40b91e4b101394a10a2.jpg,image/jpeg,jpg,38640,65086316afdf0bbdfee5785e132b1d099db9836d2eedb40b91e4b101394a10a2,1000,1000,10mm Boci Ceramic Ring,0,true
10MM-BOCI-CERAMIC-RING,a71a9d56d1c753c35c7c3f20f90ea12259a7d73bf8a5081475a2fff36e2824ff.jpg,boci-ceramic-ring-i-dia-40-8-1000x1000.jpg,products/a71a9d56d1c753c35c7c3f20f90ea12259a7d73bf8a5081475a2fff36e2824ff.jpg,image/jpeg,jpg,39294,a71a9d56d1c753c35c7c3f20f90ea12259a7d73bf8a5081475a2fff36e2824ff,1000,904,10mm Boci Ceramic Ring,10,false
10MM-BOCI-CERAMIC-RING,c848e91a13c7dac852d75f4b7cf463e7cfa7d1b6dd24437ad3b36c39f1205030.jpg,boci-ceramic-ring-i-dia-40-8-1000x1000.jpg,products/c848e91a13c7dac852d75f4b7cf463e7cfa7d1b6dd24437ad3b36c39f1205030.jpg,image/jpeg,jpg,47777,c848e91a13c7dac852d75f4b7cf463e7cfa7d1b6dd24437ad3b36c39f1205030,1000,763,10mm Boci Ceramic Ring,20,false
RAYTOOL-3D-CERAMIC-RING,63e18c9734d2b227b6edd630842a2ef13fadef9865ab2da54ccc78dc5af3af46.jpg,raytool-3d-ceramic-ring-dia-21-4-1000x1000.jpg,products/63e18c9734d2b227b6edd630842a2ef13fadef9865ab2da54ccc78dc5af3af46.jpg,image/jpeg,jpg,35616,63e18c9734d2b227b6edd630842a2ef13fadef9865ab2da54ccc78dc5af3af46,1000,826,Raytool 3D Ceramic Ring,0,true
RAYTOOL-3D-CERAMIC-RING,68131d02b097d8c6776e0cabf11bc9355f06a95f7eb05fd41bb7511d155ba1f2.jpg,raytool-3d-ceramic-ring-dia-21-4-1000x1000.jpg,products/68131d02b097d8c6776e0cabf11bc9355f06a95f7eb05fd41bb7511d155ba1f2.jpg,image/jpeg,jpg,50506,68131d02b097d8c6776e0cabf11bc9355f06a95f7eb05fd41bb7511d155ba1f2,1000,790,Raytool 3D Ceramic Ring,10,false
RAYTOOL-3D-CERAMIC-RING,fa76034d12d04ff40315cb2c4f9c69a47579fa23da7e3863539e5f733a78d679.jpg,ceramic-ring-for-ospri-dia-28-1000x1000.jpg,products/fa76034d12d04ff40315cb2c4f9c69a47579fa23da7e3863539e5f733a78d679.jpg,image/jpeg,jpg,42357,fa76034d12d04ff40315cb2c4f9c69a47579fa23da7e3863539e5f733a78d679,999,1000,Raytool 3D Ceramic Ring,20,false
RAYTOOL-3D-CERAMIC-RING,88341a78a871b94df5c8c7ac0d22c844ce1df8da98e93ea35b3498f1b3e736e4.jpg,boci-pipe-cutting-tube-cutting-ceramic-ring-i-dia-20mm-1000x1000.jpg,products/88341a78a871b94df5c8c7ac0d22c844ce1df8da98e93ea35b3498f1b3e736e4.jpg,image/jpeg,jpg,25579,88341a78a871b94df5c8c7ac0d22c844ce1df8da98e93ea35b3498f1b3e736e4,1000,941,Raytool 3D Ceramic Ring,30,false
RAYTOOL-3D-CERAMIC-RING-2,65086316afdf0bbdfee5785e132b1d099db9836d2eedb40b91e4b101394a10a2.jpg,raytool-3d-ceramic-ring-dia-19-5-1000x1000.jpg,products/65086316afdf0bbdfee5785e132b1d099db9836d2eedb40b91e4b101394a10a2.jpg,image/jpeg,jpg,38640,65086316afdf0bbdfee5785e132b1d099db9836d2eedb40b91e4b101394a10a2,1000,1000,Raytool 3D Ceramic Ring,0,true
RAYTOOL-3D-CERAMIC-RING-2,1607c90f1d27e34d5ee12c163dd45c30df34a663115908de0ce0de22e7b19a24.jpeg,raytool-3d-ceramic-ring-dia-19-5-1000x1000.jpeg,products/1607c90f1d27e34d5ee12c163dd45c30df34a663115908de0ce0de22e7b19a24.jpeg,image/jpeg,jpeg,18017,1607c90f1d27e34d5ee12c163dd45c30df34a663115908de0ce0de22e7b19a24,1000,898,Raytool 3D Ceramic Ring,10,false
RAYTOOL-3D-CERAMIC-RING-2,30b60c9481c8ba4bf4c780baec5ce87eeb0b021bc1dd4f83c3ed388757c3bd81.jpg,fb-img-1639727630479-1000x1000.jpg,products/30b60c9481c8ba4bf4c780baec5ce87eeb0b021bc1dd4f83c3ed388757c3bd81.jpg,image/jpeg,jpg,23928,30b60c9481c8ba4bf4c780baec5ce87eeb0b021bc1dd4f83c3ed388757c3bd81,512,533,Raytool 3D Ceramic Ring,20,false
RAYTOOL-3D-CERAMIC-RING-2,e55635be08577793b83d426a3b0d5c6ce4a34c852ba00f7eb11c8868cdfb5234.jpg,raytool-3d-ceramic-ring-dia-19-5-1000x1000.jpg,products/e55635be08577793b83d426a3b0d5c6ce4a34c852ba00f7eb11c8868cdfb5234.jpg,image/jpeg,jpg,42651,e55635be08577793b83d426a3b0d5c6ce4a34c852ba00f7eb11c8868cdfb5234,1000,898,Raytool 3D Ceramic Ring,30,false
DIA-28-CERAMIC-RING,7b7bd1e9d806f2f6024f0f5ea7e306f68f834cf1d290ee210de34916d5167df9.jpeg,product-jpeg-500x500.jpeg,products/7b7bd1e9d806f2f6024f0f5ea7e306f68f834cf1d290ee210de34916d5167df9.jpeg,image/jpeg,jpeg,19663,7b7bd1e9d806f2f6024f0f5ea7e306f68f834cf1d290ee210de34916d5167df9,500,400,Dia 28 Ceramic Ring,0,true
DIA-28-CERAMIC-RING,ffd66c2602dfe0a7bcc36d8079c11a5fa15c60e96163add4befe3530809fac83.jpg,dia-28-ceramic-ring-designed-for-ospri-wsx-and-precitec-fiber-laser-cutting-1000x1000.jpg,products/ffd66c2602dfe0a7bcc36d8079c11a5fa15c60e96163add4befe3530809fac83.jpg,image/jpeg,jpg,24868,ffd66c2602dfe0a7bcc36d8079c11a5fa15c60e96163add4befe3530809fac83,1000,788,Dia 28 Ceramic Ring,10,false
DIA-28-CERAMIC-RING,5beeaa56f0309a4fe743b12a1e81f791e646c72b24a154ab51e9f8e3fee41f97.jpg,dia-28-ceramic-ring-designed-for-ospri-wsx-and-precitec-fiber-laser-cutting-1000x1000.jpg,products/5beeaa56f0309a4fe743b12a1e81f791e646c72b24a154ab51e9f8e3fee41f97.jpg,image/jpeg,jpg,41410,5beeaa56f0309a4fe743b12a1e81f791e646c72b24a154ab51e9f8e3fee41f97,1000,906,Dia 28 Ceramic Ring,20,false
DIA-32-CERAMIC-RING-RAYTOOLS,7b4b9ac4a8b59c9d19ae5ee9e5b16e75af48fc1ee7075b3652b5f9837a2714a4.jpeg,product-jpeg-500x500.jpeg,products/7b4b9ac4a8b59c9d19ae5ee9e5b16e75af48fc1ee7075b3652b5f9837a2714a4.jpeg,image/jpeg,jpeg,18765,7b4b9ac4a8b59c9d19ae5ee9e5b16e75af48fc1ee7075b3652b5f9837a2714a4,500,382,Dia 32 Ceramic Ring Raytools,0,true
DIA-32-CERAMIC-RING-RAYTOOLS,28d064ab8219da989b2b1793cbd98322395223f2432f74d437081f7e88faff97.jpg,raytool-3d-ceramic-ring-dia-21-4-1000x1000.jpg,products/28d064ab8219da989b2b1793cbd98322395223f2432f74d437081f7e88faff97.jpg,image/jpeg,jpg,39383,28d064ab8219da989b2b1793cbd98322395223f2432f74d437081f7e88faff97,1000,904,Dia 32 Ceramic Ring Raytools,10,false
DIA-32-CERAMIC-RING-RAYTOOLS,8e556cd7b3abeb11cb36c258271b2ebf3b58cc6700bf2683d95915c678e02983.jpg,dia-32-ceramic-ring-raytools-1000x1000.jpg,products/8e556cd7b3abeb11cb36c258271b2ebf3b58cc6700bf2683d95915c678e02983.jpg,image/jpeg,jpg,24998,8e556cd7b3abeb11cb36c258271b2ebf3b58cc6700bf2683d95915c678e02983,1000,798,Dia 32 Ceramic Ring Raytools,20,false
21-4-RAYTOOL-3D-CERAMIC-RING,8917f7b1d64e08a886ce72ea5ab28379811404fe6b53eedd196cce80c446f750.jpeg,product-jpeg-500x500.jpeg,products/8917f7b1d64e08a886ce72ea5ab28379811404fe6b53eedd196cce80c446f750.jpeg,image/jpeg,jpeg,18314,8917f7b1d64e08a886ce72ea5ab28379811404fe6b53eedd196cce80c446f750,500,382,21.4 Raytool 3D Ceramic Ring,0,true
21-4-RAYTOOL-3D-CERAMIC-RING,114619a358bb088fda5ed7e5c02fa5885d475b5e22284d1f2e4fb05df450bc10.jpg,boci-pipe-cutting-tube-cutting-ceramic-ring-i-dia-20mm-1000x1000.jpg,products/114619a358bb088fda5ed7e5c02fa5885d475b5e22284d1f2e4fb05df450bc10.jpg,image/jpeg,jpg,16646,114619a358bb088fda5ed7e5c02fa5885d475b5e22284d1f2e4fb05df450bc10,500,500,21.4 Raytool 3D Ceramic Ring,10,false
21-4-RAYTOOL-3D-CERAMIC-RING,a71a9d56d1c753c35c7c3f20f90ea12259a7d73bf8a5081475a2fff36e2824ff.jpg,raytool-3d-ceramic-ring-dia-21-4-1000x1000.jpg,products/a71a9d56d1c753c35c7c3f20f90ea12259a7d73bf8a5081475a2fff36e2824ff.jpg,image/jpeg,jpg,39294,a71a9d56d1c753c35c7c3f20f90ea12259a7d73bf8a5081475a2fff36e2824ff,1000,904,21.4 Raytool 3D Ceramic Ring,20,false
21-4-RAYTOOL-3D-CERAMIC-RING,a9f8c93e9810c62756fb82e74670d3ee9b274baad9b83450c823f878fe979e8e.jpeg,raytool-3d-ceramic-ring-dia-21-4-1000x1000.jpeg,products/a9f8c93e9810c62756fb82e74670d3ee9b274baad9b83450c823f878fe979e8e.jpeg,image/jpeg,jpeg,16302,a9f8c93e9810c62756fb82e74670d3ee9b274baad9b83450c823f878fe979e8e,1000,904,21.4 Raytool 3D Ceramic Ring,30,false
PRECITEC-PROCUTTER-CERAMIC-RING,65086316afdf0bbdfee5785e132b1d099db9836d2eedb40b91e4b101394a10a2.jpg,precitec-procutter-ceramic-ring-dia-31-1000x1000.jpg,products/65086316afdf0bbdfee5785e132b1d099db9836d2eedb40b91e4b101394a10a2.jpg,image/jpeg,jpg,38640,65086316afdf0bbdfee5785e132b1d099db9836d2eedb40b91e4b101394a10a2,1000,1000,Precitec Procutter Ceramic Ring,0,true
PRECITEC-PROCUTTER-CERAMIC-RING,1db0c983487fb130be6de34aa0e22a25bee55065b187849e5a82b486c71551c8.jpeg,raytools-ceramic-ring-bs12k-bs15k-bs20k-1000x1000.jpeg,products/1db0c983487fb130be6de34aa0e22a25bee55065b187849e5a82b486c71551c8.jpeg,image/jpeg,jpeg,24929,1db0c983487fb130be6de34aa0e22a25bee55065b187849e5a82b486c71551c8,1000,775,Precitec Procutter Ceramic Ring,10,false
PRECITEC-PROCUTTER-CERAMIC-RING,5070295421e5b747be9fb55f5876e6f557ccd087720ba0aa9fe58acc21ff987b.jpeg,raytools-ceramic-ring-bs12k-bs15k-bs20k-1000x1000.jpeg,products/5070295421e5b747be9fb55f5876e6f557ccd087720ba0aa9fe58acc21ff987b.jpeg,image/jpeg,jpeg,16284,5070295421e5b747be9fb55f5876e6f557ccd087720ba0aa9fe58acc21ff987b,1000,904,Precitec Procutter Ceramic Ring,20,false
PRECITEC-PROCUTTER-CERAMIC-RING,3fd2bb4e36f4d0e267946c593f75f7808f655cb7666b9e338a131621f7e22aa0.jpg,raytools-ceramic-ring-bs12k-bs15k-bs20k-1000x1000.jpg,products/3fd2bb4e36f4d0e267946c593f75f7808f655cb7666b9e338a131621f7e22aa0.jpg,image/jpeg,jpg,48218,3fd2bb4e36f4d0e267946c593f75f7808f655cb7666b9e338a131621f7e22aa0,1000,775,Precitec Procutter Ceramic Ring,30,false
I-2700-DNE-AIR-OUTLET-RING,d3d00daa2aa514e0896c64bff937968683558fe46abd6a8f2e35d18b33311d39.webp,dne-air-outlet-ring-i-2700-1000x1000.webp,products/d3d00daa2aa514e0896c64bff937968683558fe46abd6a8f2e35d18b33311d39.webp,image/webp,webp,48826,d3d00daa2aa514e0896c64bff937968683558fe46abd6a8f2e35d18b33311d39,748,1000,I 2700 DNE Air Outlet Ring,0,true
I-2700-DNE-AIR-OUTLET-RING,fbaab089001565129f3fe0efd879da7eb4df95c641a7cf132aba4011577c19fb.webp,dne-air-outlet-ring-i-2700-1000x1000.webp,products/fbaab089001565129f3fe0efd879da7eb4df95c641a7cf132aba4011577c19fb.webp,image/webp,webp,75146,fbaab089001565129f3fe0efd879da7eb4df95c641a7cf132aba4011577c19fb,1000,786,I 2700 DNE Air Outlet Ring,10,false
I-2700-DNE-AIR-OUTLET-RING,1e3b3bc52dbd7bcdeeae7a6e8789067125953f246d2cdf98defb9f40970cd0e5.webp,dne-air-outlet-ring-i-2700-1000x1000.webp,products/1e3b3bc52dbd7bcdeeae7a6e8789067125953f246d2cdf98defb9f40970cd0e5.webp,image/webp,webp,64068,1e3b3bc52dbd7bcdeeae7a6e8789067125953f246d2cdf98defb9f40970cd0e5,1000,784,I 2700 DNE Air Outlet Ring,20,false
I-3502-DNE-AIR-OUTLET-RING,735fa3d37fa9ff1de411f6464c4a62710377d6554cd87af7c49ba4182779cc6f.jpg,dne-air-outlet-ring-i-3502-1000x1000.jpg,products/735fa3d37fa9ff1de411f6464c4a62710377d6554cd87af7c49ba4182779cc6f.jpg,image/jpeg,jpg,58966,735fa3d37fa9ff1de411f6464c4a62710377d6554cd87af7c49ba4182779cc6f,1000,898,I 3502 DNE Air Outlet Ring,0,true
I-3502-DNE-AIR-OUTLET-RING,2c1c3aad07c01cd62ffa2e8831d096ebc8691855bcc189d9f612704483d8eef4.webp,dne-ceramic-ring-i-3502-1000x1000.webp,products/2c1c3aad07c01cd62ffa2e8831d096ebc8691855bcc189d9f612704483d8eef4.webp,image/webp,webp,53731,2c1c3aad07c01cd62ffa2e8831d096ebc8691855bcc189d9f612704483d8eef4,841,1000,I 3502 DNE Air Outlet Ring,10,false
I-3502-DNE-AIR-OUTLET-RING,2b7cfcde49138e58492b785b4b642dffc72309b2bc7a4f4e0df4abf1b082bb14.webp,dne-air-outlet-ring-i-3502-1000x1000.webp,products/2b7cfcde49138e58492b785b4b642dffc72309b2bc7a4f4e0df4abf1b082bb14.webp,image/webp,webp,10139,2b7cfcde49138e58492b785b4b642dffc72309b2bc7a4f4e0df4abf1b082bb14,533,533,I 3502 DNE Air Outlet Ring,20,false
I-3502-DNE-AIR-OUTLET-RING,d47d45c45c50aa5bb7e359a686aeca27ec8ec8c09c641f4465eb46d6895078bf.webp,dne-air-outlet-ring-i-3502-1000x1000.webp,products/d47d45c45c50aa5bb7e359a686aeca27ec8ec8c09c641f4465eb46d6895078bf.webp,image/webp,webp,52547,d47d45c45c50aa5bb7e359a686aeca27ec8ec8c09c641f4465eb46d6895078bf,852,1000,I 3502 DNE Air Outlet Ring,30,false
RAYTOOLS-CERAMIC-LOCK-RING,2e78dc04ebccb402b61b2e92277b7762bc5bfc54d3c2ef3a797286037d529ebf.webp,raytools-ceramic-lock-ring-1000x1000.webp,products/2e78dc04ebccb402b61b2e92277b7762bc5bfc54d3c2ef3a797286037d529ebf.webp,image/webp,webp,48105,2e78dc04ebccb402b61b2e92277b7762bc5bfc54d3c2ef3a797286037d529ebf,1000,1000,RayTools Ceramic Lock Ring,0,true
RAYTOOLS-CERAMIC-LOCK-RING,df72ce497cc21c656e83cf30e65a71319f3f166ce7b68e4d4f173ca2f840e3e0.webp,raytools-ceramic-lock-ring-1000x1000.webp,products/df72ce497cc21c656e83cf30e65a71319f3f166ce7b68e4d4f173ca2f840e3e0.webp,image/webp,webp,22080,df72ce497cc21c656e83cf30e65a71319f3f166ce7b68e4d4f173ca2f840e3e0,535,535,RayTools Ceramic Lock Ring,10,false
RAYTOOLS-CERAMIC-LOCK-RING,2420124f4421d9732071be2217cc90e2da63f43816f777b7004e71ff8bc8c7b8.jpg,raytools-ceramic-lock-ring-1000x1000.jpg,products/2420124f4421d9732071be2217cc90e2da63f43816f777b7004e71ff8bc8c7b8.jpg,image/jpeg,jpg,42939,2420124f4421d9732071be2217cc90e2da63f43816f777b7004e71ff8bc8c7b8,1000,1000,RayTools Ceramic Lock Ring,20,false
RAYTOOLS-CERAMIC-LOCK-RING,b6e8555cf8bfd1cdc1fcbeaaba8135c056e98b190547aa1b5246f3e1c4fa6017.webp,raytools-ceramic-lock-ring-1000x1000.webp,products/b6e8555cf8bfd1cdc1fcbeaaba8135c056e98b190547aa1b5246f3e1c4fa6017.webp,image/webp,webp,51077,b6e8555cf8bfd1cdc1fcbeaaba8135c056e98b190547aa1b5246f3e1c4fa6017,1000,999,RayTools Ceramic Lock Ring,30,false
I-3502-DNE-CERAMIC-RING,d0a8d207a5bde242bb1c0e5360917ce33dd962e79295b230f39a8ad618da163b.webp,dne-ceramic-ring-i-3502-1000x1000.webp,products/d0a8d207a5bde242bb1c0e5360917ce33dd962e79295b230f39a8ad618da163b.webp,image/webp,webp,59266,d0a8d207a5bde242bb1c0e5360917ce33dd962e79295b230f39a8ad618da163b,805,1000,I 3502 DNE Ceramic Ring,0,true
I-3502-DNE-CERAMIC-RING,dc33f26f60b5179b5a097b567c8199cb99c5565637270be14420a462cc0a6670.webp,dne-ceramic-ring-i-3502-1000x1000.webp,products/dc33f26f60b5179b5a097b567c8199cb99c5565637270be14420a462cc0a6670.webp,image/webp,webp,48064,dc33f26f60b5179b5a097b567c8199cb99c5565637270be14420a462cc0a6670,764,1000,I 3502 DNE Ceramic Ring,10,false
I-3502-DNE-CERAMIC-RING,8b8fa47697f8f5eec3c9974ad4c4a0d801b3c184520b6fbbb4d213d81e0a52be.webp,dne-ceramic-ring-i-3502-1000x1000.webp,products/8b8fa47697f8f5eec3c9974ad4c4a0d801b3c184520b6fbbb4d213d81e0a52be.webp,image/webp,webp,57912,8b8fa47697f8f5eec3c9974ad4c4a0d801b3c184520b6fbbb4d213d81e0a52be,887,1000,I 3502 DNE Ceramic Ring,20,false
OSPRI-LC608-COLLIMATION-LENS,a8c588633284bcf6af687ce26438043620878e0023b53dedc5b12452796c9bf2.png,ospri-lc608-collimation-lens-37x100-1000x1000.png,products/a8c588633284bcf6af687ce26438043620878e0023b53dedc5b12452796c9bf2.png,image/png,png,217119,a8c588633284bcf6af687ce26438043620878e0023b53dedc5b12452796c9bf2,1000,592,OSPRI LC608 Collimation Lens,0,true
OSPRI-LC608-COLLIMATION-LENS,d18acb8dbfc53cdf6c2ca4d43a9cfb43603d43d8bbf1ff93f3923f2e7bd97f75.webp,ospri-lc608-collimation-lens-37x100-1000x1000.webp,products/d18acb8dbfc53cdf6c2ca4d43a9cfb43603d43d8bbf1ff93f3923f2e7bd97f75.webp,image/webp,webp,43034,d18acb8dbfc53cdf6c2ca4d43a9cfb43603d43d8bbf1ff93f3923f2e7bd97f75,750,1000,OSPRI LC608 Collimation Lens,10,false
OSPRI-LC608-COLLIMATION-LENS,e529ba8aaddbada5fcd640f2935f6116c40bb2054f521f63033ba3a7187578c7.png,ospri-lc608-collimation-lens-37x100-1000x1000.png,products/e529ba8aaddbada5fcd640f2935f6116c40bb2054f521f63033ba3a7187578c7.png,image/png,png,169458,e529ba8aaddbada5fcd640f2935f6116c40bb2054f521f63033ba3a7187578c7,1000,590,OSPRI LC608 Collimation Lens,20,false
OSPRI-LC218-COLLIMATION-LENS,970ca5773874b2fa188ee11b7d765ca8bbee77dc124e7462e55b75a877a4822c.jpg,ospri-lc218-collimation-lens-30x100-1000x1000.jpg,products/970ca5773874b2fa188ee11b7d765ca8bbee77dc124e7462e55b75a877a4822c.jpg,image/jpeg,jpg,74877,970ca5773874b2fa188ee11b7d765ca8bbee77dc124e7462e55b75a877a4822c,1000,930,OSPRI LC218 Collimation Lens,0,true
OSPRI-LC218-COLLIMATION-LENS,82d2c8fe537c2ec55d0168d18c3882e4642f4d82ca6508474abbf72f405a0d9a.jpg,ospri-lc218-collimation-lens-30x100-1000x1000.jpg,products/82d2c8fe537c2ec55d0168d18c3882e4642f4d82ca6508474abbf72f405a0d9a.jpg,image/jpeg,jpg,63345,82d2c8fe537c2ec55d0168d18c3882e4642f4d82ca6508474abbf72f405a0d9a,1000,1000,OSPRI LC218 Collimation Lens,10,false
OSPRI-LC218-COLLIMATION-LENS,04a7594f0e340e858959f429d4e4719280b6f6022a14bf4ede8c671ce065e09d.jpeg,ospri-lc218-collimation-lens-30x100-1000x1000.jpeg,products/04a7594f0e340e858959f429d4e4719280b6f6022a14bf4ede8c671ce065e09d.jpeg,image/jpeg,jpeg,66124,04a7594f0e340e858959f429d4e4719280b6f6022a14bf4ede8c671ce065e09d,1000,1000,OSPRI LC218 Collimation Lens,20,false
LASER-LENS-CLEANING-STICK,6d4b6a0ee80197f342d7cd4edf5d7970008c51c2a134db52e47cbad4904c36d4.jpg,cleaning-stick-500x500.jpg,products/6d4b6a0ee80197f342d7cd4edf5d7970008c51c2a134db52e47cbad4904c36d4.jpg,image/jpeg,jpg,24076,6d4b6a0ee80197f342d7cd4edf5d7970008c51c2a134db52e47cbad4904c36d4,500,467,Laser Lens Cleaning Stick,0,true
LASER-LENS-CLEANING-STICK,10d1da6aab0d803f3a46d3dc05647e1c33b175c82aa7834fe211f68201c2276e.jpg,leans-cleaning-stick-swab-1000x1000.jpg,products/10d1da6aab0d803f3a46d3dc05647e1c33b175c82aa7834fe211f68201c2276e.jpg,image/jpeg,jpg,44577,10d1da6aab0d803f3a46d3dc05647e1c33b175c82aa7834fe211f68201c2276e,633,720,Laser Lens Cleaning Stick,10,false
LASER-LENS-CLEANING-STICK,6687e745618ea267ab5ef2bf1d8d0b4585b978b0afd7e6d76028dea167eaf083.jpg,laser-lens-cleaning-stick-swab-1000x1000.jpg,products/6687e745618ea267ab5ef2bf1d8d0b4585b978b0afd7e6d76028dea167eaf083.jpg,image/jpeg,jpg,59968,6687e745618ea267ab5ef2bf1d8d0b4585b978b0afd7e6d76028dea167eaf083,1000,887,Laser Lens Cleaning Stick,20,false
LASER-LENS-CLEANING-STICK,e42315c9b9113407d5d71083c19351c5f74e4613ffa3fde5836dfc6536623e8f.jpg,laser-lens-cleaning-stick-swab-1000x1000.jpg,products/e42315c9b9113407d5d71083c19351c5f74e4613ffa3fde5836dfc6536623e8f.jpg,image/jpeg,jpg,55397,e42315c9b9113407d5d71083c19351c5f74e4613ffa3fde5836dfc6536623e8f,1000,1000,Laser Lens Cleaning Stick,30,false
LASER-LENS-CLEANING-STICK,734bd134c5eb0892f013eaab73963bfe1e0cc2658bb9f228e711454827bb5176.jpg,laser-lens-cleaning-stick-swab-1000x1000.jpg,products/734bd134c5eb0892f013eaab73963bfe1e0cc2658bb9f228e711454827bb5176.jpg,image/jpeg,jpg,67013,734bd134c5eb0892f013eaab73963bfe1e0cc2658bb9f228e711454827bb5176,757,1000,Laser Lens Cleaning Stick,40,false
DNE-COPPER-RING,4c11e2021c5ac827c3d7ba3e8b2213bbb47611f0d5011914a888fe6029b29893.webp,dne-copper-ring-1000x1000.webp,products/4c11e2021c5ac827c3d7ba3e8b2213bbb47611f0d5011914a888fe6029b29893.webp,image/webp,webp,58189,4c11e2021c5ac827c3d7ba3e8b2213bbb47611f0d5011914a888fe6029b29893,779,1000,DNE Copper Ring,0,true
DNE-COPPER-RING,d70c8b5125eedb6e345e5b8a64de8685979ed8205922127e57e8d55e08835e43.webp,dne-copper-ring-1000x1000.webp,products/d70c8b5125eedb6e345e5b8a64de8685979ed8205922127e57e8d55e08835e43.webp,image/webp,webp,57631,d70c8b5125eedb6e345e5b8a64de8685979ed8205922127e57e8d55e08835e43,1000,772,DNE Copper Ring,10,false
DNE-COPPER-RING,c08a3ef0801f67af52566a1ca0507aee48d7cf19441ab21e27569e4c1788f9c8.webp,dne-copper-ring-1000x1000.webp,products/c08a3ef0801f67af52566a1ca0507aee48d7cf19441ab21e27569e4c1788f9c8.webp,image/webp,webp,53068,c08a3ef0801f67af52566a1ca0507aee48d7cf19441ab21e27569e4c1788f9c8,1000,541,DNE Copper Ring,20,false
COTTON-SWAB-LARGE-L-121MM,e530a64f2ca9d630c6c9454983cecd617a0ef3d0694b37e488652a7b81e0c59a.jpg,cotton-swab-large-l-121mm-1000x1000.jpg,products/e530a64f2ca9d630c6c9454983cecd617a0ef3d0694b37e488652a7b81e0c59a.jpg,image/jpeg,jpg,84229,e530a64f2ca9d630c6c9454983cecd617a0ef3d0694b37e488652a7b81e0c59a,1000,1000,Cotton Swab - Large - L - 121mm,0,true
COTTON-SWAB-LARGE-L-121MM,1f82fc7a6b4bdecee0704127c6c905993180cd462cd90b7404517e225dfd4d28.jpg,cotton-swab-large-l-121mm-1000x1000.jpg,products/1f82fc7a6b4bdecee0704127c6c905993180cd462cd90b7404517e225dfd4d28.jpg,image/jpeg,jpg,62767,1f82fc7a6b4bdecee0704127c6c905993180cd462cd90b7404517e225dfd4d28,1000,1000,Cotton Swab - Large - L - 121mm,10,false
COTTON-SWAB-LARGE-L-121MM,abd9093ae25b061aead64602673c44ba18417bb290784962c5280f550bfbde08.jpeg,cotton-swab-large-l-121mm-1000x1000.jpeg,products/abd9093ae25b061aead64602673c44ba18417bb290784962c5280f550bfbde08.jpeg,image/jpeg,jpeg,52795,abd9093ae25b061aead64602673c44ba18417bb290784962c5280f550bfbde08,1000,1000,Cotton Swab - Large - L - 121mm,20,false
COTTON-SWAB-SMALL-L-70-MM,1f82fc7a6b4bdecee0704127c6c905993180cd462cd90b7404517e225dfd4d28.jpg,cotton-swab-small-l-70-mm-1000x1000.jpg,products/1f82fc7a6b4bdecee0704127c6c905993180cd462cd90b7404517e225dfd4d28.jpg,image/jpeg,jpg,62767,1f82fc7a6b4bdecee0704127c6c905993180cd462cd90b7404517e225dfd4d28,1000,1000,Cotton Swab - Small - L - 70 Mm,0,true
COTTON-SWAB-SMALL-L-70-MM,e530a64f2ca9d630c6c9454983cecd617a0ef3d0694b37e488652a7b81e0c59a.jpg,cotton-swab-small-l-70-mm-1000x1000.jpg,products/e530a64f2ca9d630c6c9454983cecd617a0ef3d0694b37e488652a7b81e0c59a.jpg,image/jpeg,jpg,84229,e530a64f2ca9d630c6c9454983cecd617a0ef3d0694b37e488652a7b81e0c59a,1000,1000,Cotton Swab - Small - L - 70 Mm,10,false
COTTON-SWAB-SMALL-L-70-MM,abd9093ae25b061aead64602673c44ba18417bb290784962c5280f550bfbde08.jpeg,cotton-swab-small-l-70-mm-1000x1000.jpeg,products/abd9093ae25b061aead64602673c44ba18417bb290784962c5280f550bfbde08.jpeg,image/jpeg,jpeg,52795,abd9093ae25b061aead64602673c44ba18417bb290784962c5280f550bfbde08,1000,1000,Cotton Swab - Small - L - 70 Mm,20,false
COTTON-SWAB-MEDIUM-L-100MM,e530a64f2ca9d630c6c9454983cecd617a0ef3d0694b37e488652a7b81e0c59a.jpg,cotton-swab-large-l-121mm-1000x1000.jpg,products/e530a64f2ca9d630c6c9454983cecd617a0ef3d0694b37e488652a7b81e0c59a.jpg,image/jpeg,jpg,84229,e530a64f2ca9d630c6c9454983cecd617a0ef3d0694b37e488652a7b81e0c59a,1000,1000,Cotton Swab - Medium - L - 100mm,0,true
COTTON-SWAB-MEDIUM-L-100MM,1f82fc7a6b4bdecee0704127c6c905993180cd462cd90b7404517e225dfd4d28.jpg,cotton-swab-large-l-121mm-1000x1000.jpg,products/1f82fc7a6b4bdecee0704127c6c905993180cd462cd90b7404517e225dfd4d28.jpg,image/jpeg,jpg,62767,1f82fc7a6b4bdecee0704127c6c905993180cd462cd90b7404517e225dfd4d28,1000,1000,Cotton Swab - Medium - L - 100mm,10,false
COTTON-SWAB-MEDIUM-L-100MM,abd9093ae25b061aead64602673c44ba18417bb290784962c5280f550bfbde08.jpeg,cotton-swab-large-l-121mm-1000x1000.jpeg,products/abd9093ae25b061aead64602673c44ba18417bb290784962c5280f550bfbde08.jpeg,image/jpeg,jpeg,52795,abd9093ae25b061aead64602673c44ba18417bb290784962c5280f550bfbde08,1000,1000,Cotton Swab - Medium - L - 100mm,20,false
RAYTOOLS-FIBER-LASER-CUTTING-HEAD,c5358925ef3ac8beab7833ec9a5ee9cf8a0ce4ecb268d8e3043ccd8b7a9f6e44.png,raytools-fiber-laser-cutting-head-1000x1000.png,products/c5358925ef3ac8beab7833ec9a5ee9cf8a0ce4ecb268d8e3043ccd8b7a9f6e44.png,image/png,png,198677,c5358925ef3ac8beab7833ec9a5ee9cf8a0ce4ecb268d8e3043ccd8b7a9f6e44,1000,1000,RayTools Fiber Laser Cutting Head,0,true
RAYTOOLS-FIBER-LASER-CUTTING-HEAD,ed7598d391e406d839961da9af4b8c6e3d6dd6edff8aaf6bc5f7ec58d38411c5.png,raytools-fiber-laser-cutting-head-1000x1000.png,products/ed7598d391e406d839961da9af4b8c6e3d6dd6edff8aaf6bc5f7ec58d38411c5.png,image/png,png,381758,ed7598d391e406d839961da9af4b8c6e3d6dd6edff8aaf6bc5f7ec58d38411c5,1000,994,RayTools Fiber Laser Cutting Head,10,false
RAYTOOLS-FIBER-LASER-CUTTING-HEAD,a5c6ec2e1b6d8c554c9ac8e7e3ac6a459758982c9856a80a5e1133004487ce93.png,raytools-fiber-laser-cutting-head-1000x1000.png,products/a5c6ec2e1b6d8c554c9ac8e7e3ac6a459758982c9856a80a5e1133004487ce93.png,image/png,png,197757,a5c6ec2e1b6d8c554c9ac8e7e3ac6a459758982c9856a80a5e1133004487ce93,1000,1000,RayTools Fiber Laser Cutting Head,20,false
BOCI-BLT421S-CUTTING-HEAD,030989e7659d90fb37eaa0232045d9843bd590df99fe799a7813db01d1d4badd.webp,boci-blt421s-cutting-head-4000e-control-card-1000x1000.webp,products/030989e7659d90fb37eaa0232045d9843bd590df99fe799a7813db01d1d4badd.webp,image/webp,webp,49806,030989e7659d90fb37eaa0232045d9843bd590df99fe799a7813db01d1d4badd,1000,1000,BOCI BLT421s Cutting Head,0,true
BOCI-BLT421S-CUTTING-HEAD,c5358925ef3ac8beab7833ec9a5ee9cf8a0ce4ecb268d8e3043ccd8b7a9f6e44.png,raytools-fiber-laser-cutting-head-1000x1000.png,products/c5358925ef3ac8beab7833ec9a5ee9cf8a0ce4ecb268d8e3043ccd8b7a9f6e44.png,image/png,png,198677,c5358925ef3ac8beab7833ec9a5ee9cf8a0ce4ecb268d8e3043ccd8b7a9f6e44,1000,1000,BOCI BLT421s Cutting Head,10,false
BOCI-BLT421S-CUTTING-HEAD,f5a174461ec88373385fa4417c3d3c3182afff766f43d304e646ffe613f1d71c.webp,boci-blt421s-cutting-head-4000e-control-card-1000x1000.webp,products/f5a174461ec88373385fa4417c3d3c3182afff766f43d304e646ffe613f1d71c.webp,image/webp,webp,42028,f5a174461ec88373385fa4417c3d3c3182afff766f43d304e646ffe613f1d71c,1000,1000,BOCI BLT421s Cutting Head,20,false
RAYTOOLS-BM111-CUTTING-HEAD,07949c3c06d0f078a8b0be1c2b5692a2dc45d8b8c8bb9a5908055c80c3b58c65.jpeg,raytools-sensor-head-tra-nozzle-assembly-1000x1000.jpeg,products/07949c3c06d0f078a8b0be1c2b5692a2dc45d8b8c8bb9a5908055c80c3b58c65.jpeg,image/jpeg,jpeg,64999,07949c3c06d0f078a8b0be1c2b5692a2dc45d8b8c8bb9a5908055c80c3b58c65,977,1000,Raytools BM111 Cutting Head,0,true
RAYTOOLS-BM111-CUTTING-HEAD,0dfd671f18ce7a563b2f17a8f1f0e1ca7f9ab7266c68a22045de16e24aa0c5fb.jpg,raytools-bm111-sensor-head-1000x1000.jpg,products/0dfd671f18ce7a563b2f17a8f1f0e1ca7f9ab7266c68a22045de16e24aa0c5fb.jpg,image/jpeg,jpg,81305,0dfd671f18ce7a563b2f17a8f1f0e1ca7f9ab7266c68a22045de16e24aa0c5fb,990,990,Raytools BM111 Cutting Head,10,false
RAYTOOLS-BM111-CUTTING-HEAD,cde6e5ca6b22f168b368f03655964068fefd969c6bf491366305042c41fd6269.jpg,raytools-bm111-sensor-head-1000x1000.jpg,products/cde6e5ca6b22f168b368f03655964068fefd969c6bf491366305042c41fd6269.jpg,image/jpeg,jpg,51832,cde6e5ca6b22f168b368f03655964068fefd969c6bf491366305042c41fd6269,1000,1000,Raytools BM111 Cutting Head,20,false
RAYTOOLS-BM111-CUTTING-HEAD,2b766c03d63322defaa62c3767ba215dc3fa0c4bde89862159e796206baf209e.jpeg,raytools-bm111-sensor-head-1000x1000.jpeg,products/2b766c03d63322defaa62c3767ba215dc3fa0c4bde89862159e796206baf209e.jpeg,image/jpeg,jpeg,43314,2b766c03d63322defaa62c3767ba215dc3fa0c4bde89862159e796206baf209e,977,1000,Raytools BM111 Cutting Head,30,false
RAYTOOLS-BM109-CUTTING-HEAD,80507261154d6380bd95dc5595f3a8f8e21416c1678715dbee3a9ab903dcdc99.jpeg,raytools-bm109-cutting-head-1000x1000.jpeg,products/80507261154d6380bd95dc5595f3a8f8e21416c1678715dbee3a9ab903dcdc99.jpeg,image/jpeg,jpeg,73917,80507261154d6380bd95dc5595f3a8f8e21416c1678715dbee3a9ab903dcdc99,1000,1000,Raytools BM109 Cutting Head,0,true
RAYTOOLS-BM109-CUTTING-HEAD,4deac73d8536f1d42a1e187b2c1f86666027b95ede0b0b67131d83dc12a4ca58.jpg,raytools-bm109-sensor-head-1000x1000.jpg,products/4deac73d8536f1d42a1e187b2c1f86666027b95ede0b0b67131d83dc12a4ca58.jpg,image/jpeg,jpg,9941,4deac73d8536f1d42a1e187b2c1f86666027b95ede0b0b67131d83dc12a4ca58,500,500,Raytools BM109 Cutting Head,10,false
RAYTOOLS-BM109-CUTTING-HEAD,dd4123dd340c9ae67f011e8e2e4d21ce5a2cd691ca42ceb3222d67758ce0233f.jpg,raytools-bm109-sensor-head-1000x1000.jpg,products/dd4123dd340c9ae67f011e8e2e4d21ce5a2cd691ca42ceb3222d67758ce0233f.jpg,image/jpeg,jpg,11348,dd4123dd340c9ae67f011e8e2e4d21ce5a2cd691ca42ceb3222d67758ce0233f,500,500,Raytools BM109 Cutting Head,20,false
RAYTOOLS-BM109-CUTTING-HEAD,2937c8a972443f9ec4ccd104e45e326f2c0536f99bc5edf9082124c840502160.jpeg,raytools-bm109-cutting-head-1000x1000.jpeg,products/2937c8a972443f9ec4ccd104e45e326f2c0536f99bc5edf9082124c840502160.jpeg,image/jpeg,jpeg,59198,2937c8a972443f9ec4ccd104e45e326f2c0536f99bc5edf9082124c840502160,1000,1000,Raytools BM109 Cutting Head,30,false
RAYTOOLS-BM109-CUTTING-HEAD,b4ba2244830643ce441cca640f42908df1534d67e77d3e91307bffec73a9d4c3.jpeg,raytools-bm109-cutting-head-1000x1000.jpeg,products/b4ba2244830643ce441cca640f42908df1534d67e77d3e91307bffec73a9d4c3.jpeg,image/jpeg,jpeg,76633,b4ba2244830643ce441cca640f42908df1534d67e77d3e91307bffec73a9d4c3,1000,1000,Raytools BM109 Cutting Head,40,false
BOCI-BLT310-LASER-PROCESS-CUTTING-HEAD,76596474a9393d3ca3fc706196d132419d90f686c74e2d26d480a9591c09aa62.jpg,boci-blt310-cutting-head-2000e-control-card-1000x1000.jpg,products/76596474a9393d3ca3fc706196d132419d90f686c74e2d26d480a9591c09aa62.jpg,image/jpeg,jpg,52702,76596474a9393d3ca3fc706196d132419d90f686c74e2d26d480a9591c09aa62,1000,835,BOCI BLT310 Laser Process Cutting Head,0,true
BOCI-BLT310-LASER-PROCESS-CUTTING-HEAD,030989e7659d90fb37eaa0232045d9843bd590df99fe799a7813db01d1d4badd.webp,boci-blt310-cutting-head-2000e-control-card-1000x1000.webp,products/030989e7659d90fb37eaa0232045d9843bd590df99fe799a7813db01d1d4badd.webp,image/webp,webp,49806,030989e7659d90fb37eaa0232045d9843bd590df99fe799a7813db01d1d4badd,1000,1000,BOCI BLT310 Laser Process Cutting Head,10,false
BOCI-BLT310-LASER-PROCESS-CUTTING-HEAD,f5a174461ec88373385fa4417c3d3c3182afff766f43d304e646ffe613f1d71c.webp,boci-blt421s-cutting-head-4000e-control-card-1000x1000.webp,products/f5a174461ec88373385fa4417c3d3c3182afff766f43d304e646ffe613f1d71c.webp,image/webp,webp,42028,f5a174461ec88373385fa4417c3d3c3182afff766f43d304e646ffe613f1d71c,1000,1000,BOCI BLT310 Laser Process Cutting Head,20,false
RAYTOOLS-BM110-CUTTING-HEAD,80507261154d6380bd95dc5595f3a8f8e21416c1678715dbee3a9ab903dcdc99.jpeg,raytools-bm110-cutting-head-1000x1000.jpeg,products/80507261154d6380bd95dc5595f3a8f8e21416c1678715dbee3a9ab903dcdc99.jpeg,image/jpeg,jpeg,73917,80507261154d6380bd95dc5595f3a8f8e21416c1678715dbee3a9ab903dcdc99,1000,1000,Raytools BM110 Cutting Head,0,true
RAYTOOLS-BM110-CUTTING-HEAD,a82b96ee18e2f3affa06ecb632f1106f1e86a597330f5f69305731eb3932be8b.jpg,raytools-bm110-sensor-head-1000x1000.jpg,products/a82b96ee18e2f3affa06ecb632f1106f1e86a597330f5f69305731eb3932be8b.jpg,image/jpeg,jpg,44348,a82b96ee18e2f3affa06ecb632f1106f1e86a597330f5f69305731eb3932be8b,750,750,Raytools BM110 Cutting Head,10,false
RAYTOOLS-BM110-CUTTING-HEAD,b4ba2244830643ce441cca640f42908df1534d67e77d3e91307bffec73a9d4c3.jpeg,raytools-bm110-cutting-head-1000x1000.jpeg,products/b4ba2244830643ce441cca640f42908df1534d67e77d3e91307bffec73a9d4c3.jpeg,image/jpeg,jpeg,76633,b4ba2244830643ce441cca640f42908df1534d67e77d3e91307bffec73a9d4c3,1000,1000,Raytools BM110 Cutting Head,20,false
RAYTOOLS-BM110-CUTTING-HEAD,408a0421db1871c272c66cc14981529598e0b846865e7634496b6aaa8eb83eef.jpeg,raytools-bm110-cutting-head-1000x1000.jpeg,products/408a0421db1871c272c66cc14981529598e0b846865e7634496b6aaa8eb83eef.jpeg,image/jpeg,jpeg,56184,408a0421db1871c272c66cc14981529598e0b846865e7634496b6aaa8eb83eef,1000,1000,Raytools BM110 Cutting Head,30,false
RAYTOOLS-BM114-CUTTING-HEAD,ea4665b4b803c05367aa9471d19d2e7d0ada38c2419d646ad4d068f72f43e671.webp,raytools-bm114-sensor-head-1000x1000.webp,products/ea4665b4b803c05367aa9471d19d2e7d0ada38c2419d646ad4d068f72f43e671.webp,image/webp,webp,25727,ea4665b4b803c05367aa9471d19d2e7d0ada38c2419d646ad4d068f72f43e671,1000,790,Raytools BM114 Cutting Head,0,true
RAYTOOLS-BM114-CUTTING-HEAD,5cc069b8ba92ef4721ecff1a687b6576ad5fdac4c83a047d8415432ee21c703e.jpg,raytools-bm114-sensor-head-1000x1000.jpg,products/5cc069b8ba92ef4721ecff1a687b6576ad5fdac4c83a047d8415432ee21c703e.jpg,image/jpeg,jpg,48765,5cc069b8ba92ef4721ecff1a687b6576ad5fdac4c83a047d8415432ee21c703e,1000,985,Raytools BM114 Cutting Head,10,false
RAYTOOLS-BM114-CUTTING-HEAD,904dd16474e3242128e4007e20100ee13ed4717ad9b2cf965f953365ce09d745.jpg,raytools-bm114-sensor-head-1000x1000.jpg,products/904dd16474e3242128e4007e20100ee13ed4717ad9b2cf965f953365ce09d745.jpg,image/jpeg,jpg,51997,904dd16474e3242128e4007e20100ee13ed4717ad9b2cf965f953365ce09d745,1000,1000,Raytools BM114 Cutting Head,20,false
RAYTOOLS-BM114-CUTTING-HEAD,8d455dda66a2fa8688f4e1b5a866cd4cb0c85b31cbc3ece9a1d790af807a48fd.jpg,raytools-bm114-sensor-head-1000x1000.jpg,products/8d455dda66a2fa8688f4e1b5a866cd4cb0c85b31cbc3ece9a1d790af807a48fd.jpg,image/jpeg,jpg,11384,8d455dda66a2fa8688f4e1b5a866cd4cb0c85b31cbc3ece9a1d790af807a48fd,500,500,Raytools BM114 Cutting Head,30,false
RAYTOOLS-BM114-CUTTING-HEAD,af4b41ba3998a45228f97670263b70557dbbb7296c2791f5bd22e7f5f655a301.jpg,raytools-bm114-sensor-head-1000x1000.jpg,products/af4b41ba3998a45228f97670263b70557dbbb7296c2791f5bd22e7f5f655a301.jpg,image/jpeg,jpg,15226,af4b41ba3998a45228f97670263b70557dbbb7296c2791f5bd22e7f5f655a301,500,500,Raytools BM114 Cutting Head,40,false
RAYTOOLS-BM06K-CUTTING-HEAD,8c95217e3aeed84fa5882495c73f762afc886b5b4dabce2b9fbef23742634e98.jpeg,raytools-bm06k-cutting-head-1000x1000.jpeg,products/8c95217e3aeed84fa5882495c73f762afc886b5b4dabce2b9fbef23742634e98.jpeg,image/jpeg,jpeg,32551,8c95217e3aeed84fa5882495c73f762afc886b5b4dabce2b9fbef23742634e98,1000,1000,Raytools BM06K Cutting Head,0,true
RAYTOOLS-BM06K-CUTTING-HEAD,a77996abbf3ae6a012bc10c070b2081c20860a95a00676b96566280f2d99eadb.jpg,raytools-bm06k-sensor-head-1000x1000.jpg,products/a77996abbf3ae6a012bc10c070b2081c20860a95a00676b96566280f2d99eadb.jpg,image/jpeg,jpg,17352,a77996abbf3ae6a012bc10c070b2081c20860a95a00676b96566280f2d99eadb,750,513,Raytools BM06K Cutting Head,10,false
RAYTOOLS-BM06K-CUTTING-HEAD,22f2b68bae15000593d05d6af4f9d849768a820f80c571a80317fa11707ec8aa.jpg,raytools-bm06k-sensor-head-1000x1000.jpg,products/22f2b68bae15000593d05d6af4f9d849768a820f80c571a80317fa11707ec8aa.jpg,image/jpeg,jpg,24930,22f2b68bae15000593d05d6af4f9d849768a820f80c571a80317fa11707ec8aa,800,800,Raytools BM06K Cutting Head,20,false
RAYTOOLS-BM06K-CUTTING-HEAD,5cad0db244b5c6a0b84eb91e376972cbd9f59f9176d4a980012d05e29a380be8.jpg,raytools-bm06k-sensor-head-1000x1000.jpg,products/5cad0db244b5c6a0b84eb91e376972cbd9f59f9176d4a980012d05e29a380be8.jpg,image/jpeg,jpg,15767,5cad0db244b5c6a0b84eb91e376972cbd9f59f9176d4a980012d05e29a380be8,750,513,Raytools BM06K Cutting Head,30,false
RAYTOOLS-BM06K-CUTTING-HEAD,d14ea63f665d344d3004474f2051261c31c0c30a9eb3c68c0556c62b58b09a75.jpg,raytools-bm06k-cutting-head-1000x1000.jpg,products/d14ea63f665d344d3004474f2051261c31c0c30a9eb3c68c0556c62b58b09a75.jpg,image/jpeg,jpg,38171,d14ea63f665d344d3004474f2051261c31c0c30a9eb3c68c0556c62b58b09a75,1000,1000,Raytools BM06K Cutting Head,40,false
RF-POWER-TRIODE,5c624127f18d223734bb795344f1a44179b9ab7e86e9212df535ec970f339b16.png,rf-power-triode-500x500.png,products/5c624127f18d223734bb795344f1a44179b9ab7e86e9212df535ec970f339b16.png,image/png,png,180246,5c624127f18d223734bb795344f1a44179b9ab7e86e9212df535ec970f339b16,500,500,Rf Power Triode,0,true
RF-POWER-TRIODE,0c68006f83711567bf205658ac2bda38476b3dc7b6ece10eb8525f345bb2c8e9.png,rf-power-triode-1000x1000.png,products/0c68006f83711567bf205658ac2bda38476b3dc7b6ece10eb8525f345bb2c8e9.png,image/png,png,97597,0c68006f83711567bf205658ac2bda38476b3dc7b6ece10eb8525f345bb2c8e9,1000,1000,Rf Power Triode,10,false
RF-POWER-TRIODE,1eb7ad2acb9dc8dd3951e435a4247d6188fd4dc9ab16fd22d2e89b76c6c1280e.png,rf-power-tube-500x500.png,products/1eb7ad2acb9dc8dd3951e435a4247d6188fd4dc9ab16fd22d2e89b76c6c1280e.png,image/png,png,86065,1eb7ad2acb9dc8dd3951e435a4247d6188fd4dc9ab16fd22d2e89b76c6c1280e,500,439,Rf Power Triode,20,false
RF-POWER-TRIODE,a8fc91fb2d3148a4b673a392cb86f8d536314e711944b5e15f4a609ab3c861d0.png,rf-power-triode-1000x1000.png,products/a8fc91fb2d3148a4b673a392cb86f8d536314e711944b5e15f4a609ab3c861d0.png,image/png,png,176172,a8fc91fb2d3148a4b673a392cb86f8d536314e711944b5e15f4a609ab3c861d0,508,549,Rf Power Triode,30,false
RF-POWER-TRIODE,dedcbfa5804dfe8302f00953d7537f90677c0f48bf6f268e398d622a0c190113.png,rf-power-triode-1000x1000.png,products/dedcbfa5804dfe8302f00953d7537f90677c0f48bf6f268e398d622a0c190113.png,image/png,png,189061,dedcbfa5804dfe8302f00953d7537f90677c0f48bf6f268e398d622a0c190113,1000,1000,Rf Power Triode,40,false
FESTO-AIR-FILTER,4b6bb4fef672c7b2b8a80d606963a36aa88bf5c57e1a9d2fbc702c2f7d4de985.png,festo-filters-1000x1000.png,products/4b6bb4fef672c7b2b8a80d606963a36aa88bf5c57e1a9d2fbc702c2f7d4de985.png,image/png,png,685604,4b6bb4fef672c7b2b8a80d606963a36aa88bf5c57e1a9d2fbc702c2f7d4de985,773,1000,Festo Air Filter,0,true
FESTO-AIR-FILTER,468294cb48522f996ccf3939b47034a10e92193e1edcea88dbff73fdf133cc59.jpg,product-jpeg-500x500.jpg,products/468294cb48522f996ccf3939b47034a10e92193e1edcea88dbff73fdf133cc59.jpg,image/jpeg,jpg,36168,468294cb48522f996ccf3939b47034a10e92193e1edcea88dbff73fdf133cc59,433,500,Festo Air Filter,10,false
FESTO-AIR-FILTER,308dcd163eea52e650cf5a7841895bde04810b02836c4a01073f1e8b0dda6118.jpg,air-filter-donaldson-1000x1000.jpg,products/308dcd163eea52e650cf5a7841895bde04810b02836c4a01073f1e8b0dda6118.jpg,image/jpeg,jpg,104879,308dcd163eea52e650cf5a7841895bde04810b02836c4a01073f1e8b0dda6118,764,1000,Festo Air Filter,20,false
FESTO-AIR-FILTER,32fcce38a12d057bbfd10daaf192a48125c3c98f5d6306131d54f88f035832c5.jpg,air-filter-donaldson-1000x1000.jpg,products/32fcce38a12d057bbfd10daaf192a48125c3c98f5d6306131d54f88f035832c5.jpg,image/jpeg,jpg,101818,32fcce38a12d057bbfd10daaf192a48125c3c98f5d6306131d54f88f035832c5,748,1000,Festo Air Filter,30,false
FESTO-AIR-FILTER,ab29fa8125b093238640c58adde7530941605377568adb4201e15d23f7941fd3.jpg,trumpf-festo-filters-1000x1000.jpg,products/ab29fa8125b093238640c58adde7530941605377568adb4201e15d23f7941fd3.jpg,image/jpeg,jpg,62630,ab29fa8125b093238640c58adde7530941605377568adb4201e15d23f7941fd3,1000,1000,Festo Air Filter,40,false
FIBER-LASER-PROTECTIVE-WINDOW,bb203fc610c6c39e0664dbeb4042ecbd37715a762c4d6017fac6fedf8a9ea83d.jpg,fiber-laser-protective-window-1000x1000.jpg,products/bb203fc610c6c39e0664dbeb4042ecbd37715a762c4d6017fac6fedf8a9ea83d.jpg,image/jpeg,jpg,211963,bb203fc610c6c39e0664dbeb4042ecbd37715a762c4d6017fac6fedf8a9ea83d,1000,1000,Fiber Laser Protective Window,0,true
FIBER-LASER-PROTECTIVE-WINDOW,94771f65381652422904be8efe1a8f91fa8aaa533597cecc99f75b9435655bf2.png,40mm-laser-protective-window-1000x1000.png,products/94771f65381652422904be8efe1a8f91fa8aaa533597cecc99f75b9435655bf2.png,image/png,png,1125338,94771f65381652422904be8efe1a8f91fa8aaa533597cecc99f75b9435655bf2,958,1000,Fiber Laser Protective Window,10,false
FIBER-LASER-PROTECTIVE-WINDOW,cd93813f4942d489be7c47899f6b6f402ba5b7acfd629c482084ec0c31c7e577.jpg,fiber-laser-protective-window-1000x1000.jpg,products/cd93813f4942d489be7c47899f6b6f402ba5b7acfd629c482084ec0c31c7e577.jpg,image/jpeg,jpg,79587,cd93813f4942d489be7c47899f6b6f402ba5b7acfd629c482084ec0c31c7e577,1000,1000,Fiber Laser Protective Window,20,false
FIBER-LASER-PROTECTIVE-WINDOW,4750ca9652d6603dc275b26839c108d2d701e62b541ea98a1697f6a415cc7db0.jpeg,fiber-laser-protective-window-1000x1000.jpeg,products/4750ca9652d6603dc275b26839c108d2d701e62b541ea98a1697f6a415cc7db0.jpeg,image/jpeg,jpeg,34675,4750ca9652d6603dc275b26839c108d2d701e62b541ea98a1697f6a415cc7db0,1000,1000,Fiber Laser Protective Window,30,false
LASER-PROTECTION-WINDOW,618e84d27ffd466e5b252eeb2114c7e8cdaa62e7947b92ee4c1ca0611f2a4f67.jpg,laser-protection-window-1000x1000.jpg,products/618e84d27ffd466e5b252eeb2114c7e8cdaa62e7947b92ee4c1ca0611f2a4f67.jpg,image/jpeg,jpg,44958,618e84d27ffd466e5b252eeb2114c7e8cdaa62e7947b92ee4c1ca0611f2a4f67,999,1000,Laser Protection Window,0,true
LASER-PROTECTION-WINDOW,70b6f67e1b5b276170ba623be95467f28edbff0add40bc502872954123195173.jpeg,trumpf-fiber-protection-glass-500x500.jpeg,products/70b6f67e1b5b276170ba623be95467f28edbff0add40bc502872954123195173.jpeg,image/jpeg,jpeg,17939,70b6f67e1b5b276170ba623be95467f28edbff0add40bc502872954123195173,500,500,Laser Protection Window,10,false
LASER-PROTECTION-WINDOW,3da1205e0a4bf3d9d769f0a15c4990f28a0eb8449299c373a7e8572bef7f48fe.jpg,laser-protection-window-1000x1000.jpg,products/3da1205e0a4bf3d9d769f0a15c4990f28a0eb8449299c373a7e8572bef7f48fe.jpg,image/jpeg,jpg,13588,3da1205e0a4bf3d9d769f0a15c4990f28a0eb8449299c373a7e8572bef7f48fe,1000,472,Laser Protection Window,20,false
LASER-PROTECTION-WINDOW,4c9bfcb165357bbfea53d5aa9d82b62cbfc7ab69e770e10ee76e2ac40e28dc18.jpg,laser-protection-window-1000x1000.jpg,products/4c9bfcb165357bbfea53d5aa9d82b62cbfc7ab69e770e10ee76e2ac40e28dc18.jpg,image/jpeg,jpg,31111,4c9bfcb165357bbfea53d5aa9d82b62cbfc7ab69e770e10ee76e2ac40e28dc18,1000,536,Laser Protection Window,30,false
RAYTOOLS-FOCUS-COLLIMATOR-LENS-FOCUS-LENSES,0116ec5a879838490e2d43402a3e5119ffd2462433a22e09a0670397e709bc4c.jpg,raytools-focus-collimator-lens-1000x1000.jpg,products/0116ec5a879838490e2d43402a3e5119ffd2462433a22e09a0670397e709bc4c.jpg,image/jpeg,jpg,61221,0116ec5a879838490e2d43402a3e5119ffd2462433a22e09a0670397e709bc4c,1000,1000,RayTools Focus Collimator Lens Focus Lenses,0,true
RAYTOOLS-FOCUS-COLLIMATOR-LENS-FOCUS-LENSES,4e6df05e269da7974b6b1f6faecf682bb430a57c2f650223bfd08c909347d44d.webp,raytool-bm111-focusing-collimating-lens-with-assembly-1000x1000.webp,products/4e6df05e269da7974b6b1f6faecf682bb430a57c2f650223bfd08c909347d44d.webp,image/webp,webp,63548,4e6df05e269da7974b6b1f6faecf682bb430a57c2f650223bfd08c909347d44d,1000,907,RayTools Focus Collimator Lens Focus Lenses,10,false
RAYTOOLS-FOCUS-COLLIMATOR-LENS-FOCUS-LENSES,ce116f8ae8a984d095220101bc4bf4718710260027a8e9bede0e9e4cbe3c8818.webp,raytool-bm110-focusing-collimating-lens-with-assembly-1000x1000.webp,products/ce116f8ae8a984d095220101bc4bf4718710260027a8e9bede0e9e4cbe3c8818.webp,image/webp,webp,77570,ce116f8ae8a984d095220101bc4bf4718710260027a8e9bede0e9e4cbe3c8818,1000,993,RayTools Focus Collimator Lens Focus Lenses,20,false
RAYTOOLS-FOCUS-COLLIMATOR-LENS-FOCUS-LENSES,bbeab2985483aa5163e1e6d409bebe9c1a15705714c9c39d88e32ec13ef5d7b6.png,raytool-bm109-focusing-collimating-lens-with-assembly-1000x1000.png,products/bbeab2985483aa5163e1e6d409bebe9c1a15705714c9c39d88e32ec13ef5d7b6.png,image/png,png,434433,bbeab2985483aa5163e1e6d409bebe9c1a15705714c9c39d88e32ec13ef5d7b6,1000,1000,RayTools Focus Collimator Lens Focus Lenses,30,false
RAYTOOLS-ORIGINAL-COLLIMATOR-FOCUS-LENSES,c0783ee1f82a1494eae5765afd9f51933fbf3854119ac7eb863e59c3fb8ad398.webp,raycus-qbh-i-12-8x19-7-3-3kw-1000x1000.webp,products/c0783ee1f82a1494eae5765afd9f51933fbf3854119ac7eb863e59c3fb8ad398.webp,image/webp,webp,33959,c0783ee1f82a1494eae5765afd9f51933fbf3854119ac7eb863e59c3fb8ad398,1000,1000,RayTools Original Collimator Focus Lenses,0,true
RAYTOOLS-ORIGINAL-COLLIMATOR-FOCUS-LENSES,f7e076212140dddd625d6085bebb9edec847bd813b06e55e3d6bf903bf48ab19.webp,raytools-original-focus-collimator-lens-1000x1000.webp,products/f7e076212140dddd625d6085bebb9edec847bd813b06e55e3d6bf903bf48ab19.webp,image/webp,webp,60206,f7e076212140dddd625d6085bebb9edec847bd813b06e55e3d6bf903bf48ab19,1000,816,RayTools Original Collimator Focus Lenses,10,false
RAYTOOLS-ORIGINAL-COLLIMATOR-FOCUS-LENSES,27f981c379c9cfcd4b09241fe829bd03636e3f2e1229d456a282456bde77409e.webp,raytools-original-focus-collimator-lens-1000x1000.webp,products/27f981c379c9cfcd4b09241fe829bd03636e3f2e1229d456a282456bde77409e.webp,image/webp,webp,20752,27f981c379c9cfcd4b09241fe829bd03636e3f2e1229d456a282456bde77409e,1000,776,RayTools Original Collimator Focus Lenses,20,false
RAYTOOL-BM110-FUSED-SILICA-FOCUS-LENSES,f09bc16542897c07768fa0364c942469063ce3bad58481396d97f3264a27a7d9.webp,raytool-bm110-focusing-collimating-lens-with-assembly-1000x1000.webp,products/f09bc16542897c07768fa0364c942469063ce3bad58481396d97f3264a27a7d9.webp,image/webp,webp,77609,f09bc16542897c07768fa0364c942469063ce3bad58481396d97f3264a27a7d9,1000,993,Raytool BM110 Fused Silica Focus Lenses,0,true
RAYTOOL-BM110-FUSED-SILICA-FOCUS-LENSES,bbeab2985483aa5163e1e6d409bebe9c1a15705714c9c39d88e32ec13ef5d7b6.png,raytool-bm110-focusing-collimating-lens-with-assembly-1000x1000.png,products/bbeab2985483aa5163e1e6d409bebe9c1a15705714c9c39d88e32ec13ef5d7b6.png,image/png,png,434433,bbeab2985483aa5163e1e6d409bebe9c1a15705714c9c39d88e32ec13ef5d7b6,1000,1000,Raytool BM110 Fused Silica Focus Lenses,10,false
RAYTOOL-BM110-FUSED-SILICA-FOCUS-LENSES,4e6df05e269da7974b6b1f6faecf682bb430a57c2f650223bfd08c909347d44d.webp,raytool-bm110-focusing-collimating-lens-with-assembly-1000x1000.webp,products/4e6df05e269da7974b6b1f6faecf682bb430a57c2f650223bfd08c909347d44d.webp,image/webp,webp,63548,4e6df05e269da7974b6b1f6faecf682bb430a57c2f650223bfd08c909347d44d,1000,907,Raytool BM110 Fused Silica Focus Lenses,20,false
RAYTOOL-BM109-FUSED-SILICA-FOCUS-LENSES,cce0c752f8b21398f73b4dbb97034ade08eae5c2f6717d8e72d8d41697536b81.webp,raytool-bm109-focusing-collimating-lens-with-assembly-1000x1000.webp,products/cce0c752f8b21398f73b4dbb97034ade08eae5c2f6717d8e72d8d41697536b81.webp,image/webp,webp,60197,cce0c752f8b21398f73b4dbb97034ade08eae5c2f6717d8e72d8d41697536b81,1000,773,Raytool BM109 Fused Silica Focus Lenses,0,true
RAYTOOL-BM109-FUSED-SILICA-FOCUS-LENSES,27f2f04063c6e3ffab7de5ed37c191e789c6b0bcd155c27bf29742b678068710.jpg,raytool-bm109-focusing-collimating-lens-with-assembly-1000x1000.jpg,products/27f2f04063c6e3ffab7de5ed37c191e789c6b0bcd155c27bf29742b678068710.jpg,image/jpeg,jpg,48377,27f2f04063c6e3ffab7de5ed37c191e789c6b0bcd155c27bf29742b678068710,1000,1000,Raytool BM109 Fused Silica Focus Lenses,10,false
RAYTOOL-BM109-FUSED-SILICA-FOCUS-LENSES,6741d0ac522e1b614c1057e81a7d0a8c4504c5abb819881b406f2d76e2d6cb47.webp,raytool-bm109-focusing-collimating-lens-with-assembly-1000x1000.webp,products/6741d0ac522e1b614c1057e81a7d0a8c4504c5abb819881b406f2d76e2d6cb47.webp,image/webp,webp,76035,6741d0ac522e1b614c1057e81a7d0a8c4504c5abb819881b406f2d76e2d6cb47,1000,788,Raytool BM109 Fused Silica Focus Lenses,20,false
RAYTOOL-BM111-FOCUS-LENSES,9f52aa6a2d6054d458db85c576569fb7f1371b50a5e262a85df696388b091ecd.webp,raytool-bm111-focusing-collimating-lens-with-assembly-1000x1000.webp,products/9f52aa6a2d6054d458db85c576569fb7f1371b50a5e262a85df696388b091ecd.webp,image/webp,webp,63617,9f52aa6a2d6054d458db85c576569fb7f1371b50a5e262a85df696388b091ecd,1000,907,Raytool BM111 Focus Lenses,0,true
RAYTOOL-BM111-FOCUS-LENSES,bbeab2985483aa5163e1e6d409bebe9c1a15705714c9c39d88e32ec13ef5d7b6.png,raytool-bm111-focusing-collimating-lens-with-assembly-1000x1000.png,products/bbeab2985483aa5163e1e6d409bebe9c1a15705714c9c39d88e32ec13ef5d7b6.png,image/png,png,434433,bbeab2985483aa5163e1e6d409bebe9c1a15705714c9c39d88e32ec13ef5d7b6,1000,1000,Raytool BM111 Focus Lenses,10,false
RAYTOOL-BM111-FOCUS-LENSES,ce116f8ae8a984d095220101bc4bf4718710260027a8e9bede0e9e4cbe3c8818.webp,raytool-bm111-focusing-collimating-lens-with-assembly-1000x1000.webp,products/ce116f8ae8a984d095220101bc4bf4718710260027a8e9bede0e9e4cbe3c8818.webp,image/webp,webp,77570,ce116f8ae8a984d095220101bc4bf4718710260027a8e9bede0e9e4cbe3c8818,1000,993,Raytool BM111 Focus Lenses,20,false
RAYTOOL-BM114-FUSED-SILICA-FOCUS-LENSES,1118345f94e8ee2afdc6090cf79710bd0073e31d1a635ae7df1af7efe4519aa5.webp,raytool-bm114-focusing-collimating-lens-with-assembly-1000x1000.webp,products/1118345f94e8ee2afdc6090cf79710bd0073e31d1a635ae7df1af7efe4519aa5.webp,image/webp,webp,78424,1118345f94e8ee2afdc6090cf79710bd0073e31d1a635ae7df1af7efe4519aa5,1000,1000,Raytool BM114 Fused Silica Focus Lenses,0,true
RAYTOOL-BM114-FUSED-SILICA-FOCUS-LENSES,7c8c30c9a561e20fc29bcf4e8d506f6944eafaebd6df3f62d3837d3834e2a6b6.webp,raytool-bm114-focusing-collimating-lens-with-assembly-1000x1000.webp,products/7c8c30c9a561e20fc29bcf4e8d506f6944eafaebd6df3f62d3837d3834e2a6b6.webp,image/webp,webp,61874,7c8c30c9a561e20fc29bcf4e8d506f6944eafaebd6df3f62d3837d3834e2a6b6,1000,764,Raytool BM114 Fused Silica Focus Lenses,10,false
RAYTOOL-BM114-FUSED-SILICA-FOCUS-LENSES,52f9829d4a8413a95b62982bee17f6c24f9bd577b5e0b3fbd248aeb5413380ce.webp,raytool-bm114-focusing-collimating-lens-with-assembly-1000x1000.webp,products/52f9829d4a8413a95b62982bee17f6c24f9bd577b5e0b3fbd248aeb5413380ce.webp,image/webp,webp,50407,52f9829d4a8413a95b62982bee17f6c24f9bd577b5e0b3fbd248aeb5413380ce,750,1000,Raytool BM114 Fused Silica Focus Lenses,20,false
WSX-NC30-COLLIMATING-FOCUS-LENSES,d96f0cd932a4970b44ce9100f0d7b4721aa073b27339bea31805153dfc6d2d3b.webp,wsx-nc30-focusing-collimating-lens-with-assembly-1000x1000.webp,products/d96f0cd932a4970b44ce9100f0d7b4721aa073b27339bea31805153dfc6d2d3b.webp,image/webp,webp,55262,d96f0cd932a4970b44ce9100f0d7b4721aa073b27339bea31805153dfc6d2d3b,1000,823,WSX NC30 Collimating Focus Lenses,0,true
WSX-NC30-COLLIMATING-FOCUS-LENSES,75e248ef4448b93eca2ea86c62f3fb0e7c88a82cf4e10ba0127d42bdb9cbdba0.webp,wsx-nc30-focusing-collimating-lens-with-assembly-1000x1000.webp,products/75e248ef4448b93eca2ea86c62f3fb0e7c88a82cf4e10ba0127d42bdb9cbdba0.webp,image/webp,webp,54592,75e248ef4448b93eca2ea86c62f3fb0e7c88a82cf4e10ba0127d42bdb9cbdba0,745,1000,WSX NC30 Collimating Focus Lenses,10,false
WSX-NC30-COLLIMATING-FOCUS-LENSES,a18b7e37b71b2c9aa15fc5c9002821af958c3a6807fa9590a802b464d73a7401.jpeg,wsx-nc30-focusing-collimating-lens-with-assembly-1000x1000.jpeg,products/a18b7e37b71b2c9aa15fc5c9002821af958c3a6807fa9590a802b464d73a7401.jpeg,image/jpeg,jpeg,58267,a18b7e37b71b2c9aa15fc5c9002821af958c3a6807fa9590a802b464d73a7401,1000,1000,WSX NC30 Collimating Focus Lenses,20,false
WSX-NC63-COLLIMATION-FOCUS-LENSES,0783134d847cb39e681dcb8b401c4e9fb2c3117d6159dea11e07b81ceed90a91.png,wsx-nc63-collimation-lens-focus-lens-with-assembly-1000x1000.png,products/0783134d847cb39e681dcb8b401c4e9fb2c3117d6159dea11e07b81ceed90a91.png,image/png,png,296005,0783134d847cb39e681dcb8b401c4e9fb2c3117d6159dea11e07b81ceed90a91,649,1000,WSX NC63 Collimation Focus Lenses,0,true
WSX-NC63-COLLIMATION-FOCUS-LENSES,a18b7e37b71b2c9aa15fc5c9002821af958c3a6807fa9590a802b464d73a7401.jpeg,wsx-nc63-collimation-lens-focus-lens-with-assembly-1000x1000.jpeg,products/a18b7e37b71b2c9aa15fc5c9002821af958c3a6807fa9590a802b464d73a7401.jpeg,image/jpeg,jpeg,58267,a18b7e37b71b2c9aa15fc5c9002821af958c3a6807fa9590a802b464d73a7401,1000,1000,WSX NC63 Collimation Focus Lenses,10,false
WSX-NC63-COLLIMATION-FOCUS-LENSES,bbeab2985483aa5163e1e6d409bebe9c1a15705714c9c39d88e32ec13ef5d7b6.png,wsx-nc63-collimation-lens-focus-lens-with-assembly-1000x1000.png,products/bbeab2985483aa5163e1e6d409bebe9c1a15705714c9c39d88e32ec13ef5d7b6.png,image/png,png,434433,bbeab2985483aa5163e1e6d409bebe9c1a15705714c9c39d88e32ec13ef5d7b6,1000,1000,WSX NC63 Collimation Focus Lenses,20,false
RAYTOOLS-ORIGINAL-BM110-FOCUS-LENSES,bbeab2985483aa5163e1e6d409bebe9c1a15705714c9c39d88e32ec13ef5d7b6.png,raytools-original-bm110-focusing-collimating-lens-with-assembly-1000x1000.png,products/bbeab2985483aa5163e1e6d409bebe9c1a15705714c9c39d88e32ec13ef5d7b6.png,image/png,png,434433,bbeab2985483aa5163e1e6d409bebe9c1a15705714c9c39d88e32ec13ef5d7b6,1000,1000,RayTools Original BM110 Focus Lenses,0,true
RAYTOOLS-ORIGINAL-BM110-FOCUS-LENSES,ed50211356ecc9af17124c120dc1147a0461478bc85972c355c5415938ed6159.jpg,raytools-original-bm110-focusing-collimating-lens-with-assembly-1000x1000.jpg,products/ed50211356ecc9af17124c120dc1147a0461478bc85972c355c5415938ed6159.jpg,image/jpeg,jpg,81902,ed50211356ecc9af17124c120dc1147a0461478bc85972c355c5415938ed6159,1000,1000,RayTools Original BM110 Focus Lenses,10,false
RAYTOOLS-ORIGINAL-BM110-FOCUS-LENSES,4e6df05e269da7974b6b1f6faecf682bb430a57c2f650223bfd08c909347d44d.webp,raytools-original-bm110-focusing-collimating-lens-with-assembly-1000x1000.webp,products/4e6df05e269da7974b6b1f6faecf682bb430a57c2f650223bfd08c909347d44d.webp,image/webp,webp,63548,4e6df05e269da7974b6b1f6faecf682bb430a57c2f650223bfd08c909347d44d,1000,907,RayTools Original BM110 Focus Lenses,20,false
BOCI-BLT-310-COLLIMATING-FOCUS-LENSES,27f2f04063c6e3ffab7de5ed37c191e789c6b0bcd155c27bf29742b678068710.jpg,boci-blt-310-collimating-lens-32x100-with-assembly-1000x1000.jpg,products/27f2f04063c6e3ffab7de5ed37c191e789c6b0bcd155c27bf29742b678068710.jpg,image/jpeg,jpg,48377,27f2f04063c6e3ffab7de5ed37c191e789c6b0bcd155c27bf29742b678068710,1000,1000,BOCI BLT 310 Collimating Focus Lenses,0,true
BOCI-BLT-310-COLLIMATING-FOCUS-LENSES,bc5c1cdfd2de8d0047d838fe109e369cb9aca59f05cda851937c16845bca254a.jpg,boci-blt-310-collimating-lens-32x100-with-assembly-1000x1000.jpg,products/bc5c1cdfd2de8d0047d838fe109e369cb9aca59f05cda851937c16845bca254a.jpg,image/jpeg,jpg,98911,bc5c1cdfd2de8d0047d838fe109e369cb9aca59f05cda851937c16845bca254a,749,1000,BOCI BLT 310 Collimating Focus Lenses,10,false
BOCI-BLT-310-COLLIMATING-FOCUS-LENSES,eb8111bb47212251a643c2344ac588123e735214cc8b5ae50adda77b9504b95e.jpg,boci-blt-310-collimating-lens-32x100-with-assembly-1000x1000.jpg,products/eb8111bb47212251a643c2344ac588123e735214cc8b5ae50adda77b9504b95e.jpg,image/jpeg,jpg,122956,eb8111bb47212251a643c2344ac588123e735214cc8b5ae50adda77b9504b95e,749,1000,BOCI BLT 310 Collimating Focus Lenses,20,false
RAYTOOLS-ORIGINAL-BM111-FOCUSING-COLLIMATING-FOCUS-LENSES,479bd9bed502e67c83fecb726ea8011c7259358a2e213f54e0626b65113d7b79.webp,raytools-original-bm111-focusing-collimating-lens-with-assembly-1000x1000.webp,products/479bd9bed502e67c83fecb726ea8011c7259358a2e213f54e0626b65113d7b79.webp,image/webp,webp,60018,479bd9bed502e67c83fecb726ea8011c7259358a2e213f54e0626b65113d7b79,745,1000,RayTools Original BM111 Focusing Collimating Focus Lenses,0,true
RAYTOOLS-ORIGINAL-BM111-FOCUSING-COLLIMATING-FOCUS-LENSES,9f52aa6a2d6054d458db85c576569fb7f1371b50a5e262a85df696388b091ecd.webp,raytools-original-bm111-focusing-collimating-lens-with-assembly-1000x1000.webp,products/9f52aa6a2d6054d458db85c576569fb7f1371b50a5e262a85df696388b091ecd.webp,image/webp,webp,63617,9f52aa6a2d6054d458db85c576569fb7f1371b50a5e262a85df696388b091ecd,1000,907,RayTools Original BM111 Focusing Collimating Focus Lenses,10,false
RAYTOOLS-ORIGINAL-BM111-FOCUSING-COLLIMATING-FOCUS-LENSES,ed50211356ecc9af17124c120dc1147a0461478bc85972c355c5415938ed6159.jpg,raytools-original-bm111-focusing-collimating-lens-with-assembly-1000x1000.jpg,products/ed50211356ecc9af17124c120dc1147a0461478bc85972c355c5415938ed6159.jpg,image/jpeg,jpg,81902,ed50211356ecc9af17124c120dc1147a0461478bc85972c355c5415938ed6159,1000,1000,RayTools Original BM111 Focusing Collimating Focus Lenses,20,false
CO2-LASER-FOCUS-LENSES,cd93813f4942d489be7c47899f6b6f402ba5b7acfd629c482084ec0c31c7e577.jpg,fiber-laser-protective-window-1000x1000.jpg,products/cd93813f4942d489be7c47899f6b6f402ba5b7acfd629c482084ec0c31c7e577.jpg,image/jpeg,jpg,79587,cd93813f4942d489be7c47899f6b6f402ba5b7acfd629c482084ec0c31c7e577,1000,1000,Co2 Laser Focus Lenses,0,true
CO2-LASER-FOCUS-LENSES,7d3e1926a12575f31d2b323dc4df589e0423587f5788802aaaeb2c2d8fa154cd.png,fiber-laser-protective-window-1000x1000.png,products/7d3e1926a12575f31d2b323dc4df589e0423587f5788802aaaeb2c2d8fa154cd.png,image/png,png,524601,7d3e1926a12575f31d2b323dc4df589e0423587f5788802aaaeb2c2d8fa154cd,595,621,Co2 Laser Focus Lenses,10,false
CO2-LASER-FOCUS-LENSES,ec7a79bbad387df5ed8a57e011ad540250dcad62747184706fc8fee5d28715ae.jpg,raytools-original-protective-lens-1000x1000.jpg,products/ec7a79bbad387df5ed8a57e011ad540250dcad62747184706fc8fee5d28715ae.jpg,image/jpeg,jpg,75800,ec7a79bbad387df5ed8a57e011ad540250dcad62747184706fc8fee5d28715ae,1000,1000,Co2 Laser Focus Lenses,20,false
CO2-LASER-FOCUS-LENSES,618e84d27ffd466e5b252eeb2114c7e8cdaa62e7947b92ee4c1ca0611f2a4f67.jpg,laser-protection-window-1000x1000.jpg,products/618e84d27ffd466e5b252eeb2114c7e8cdaa62e7947b92ee4c1ca0611f2a4f67.jpg,image/jpeg,jpg,44958,618e84d27ffd466e5b252eeb2114c7e8cdaa62e7947b92ee4c1ca0611f2a4f67,999,1000,Co2 Laser Focus Lenses,30,false
OSPRI-LC808-FOCUS-LENSES,8382c03032774f036474ffd6151d467cc54667a645b1fe3b97ca53caf08a5898.jpg,ospri-lc808-focus-lens-37x200-1000x1000.jpg,products/8382c03032774f036474ffd6151d467cc54667a645b1fe3b97ca53caf08a5898.jpg,image/jpeg,jpg,57345,8382c03032774f036474ffd6151d467cc54667a645b1fe3b97ca53caf08a5898,1000,930,OSPRI LC808 Focus Lenses,0,true
OSPRI-LC808-FOCUS-LENSES,7bb7b1a1d26ad58b304af555a9249f738024c69d8040e1b460820bd951a61508.png,ospri-lc808-focus-lens-37x200-1000x1000.png,products/7bb7b1a1d26ad58b304af555a9249f738024c69d8040e1b460820bd951a61508.png,image/png,png,146020,7bb7b1a1d26ad58b304af555a9249f738024c69d8040e1b460820bd951a61508,1000,529,OSPRI LC808 Focus Lenses,10,false
OSPRI-LC808-FOCUS-LENSES,bbeab2985483aa5163e1e6d409bebe9c1a15705714c9c39d88e32ec13ef5d7b6.png,ospri-lc808-focus-lens-37x200-1000x1000.png,products/bbeab2985483aa5163e1e6d409bebe9c1a15705714c9c39d88e32ec13ef5d7b6.png,image/png,png,434433,bbeab2985483aa5163e1e6d409bebe9c1a15705714c9c39d88e32ec13ef5d7b6,1000,1000,OSPRI LC808 Focus Lenses,20,false
RAYTOOL-BM115-PLANO-FOCUS-LENSES,27f2f04063c6e3ffab7de5ed37c191e789c6b0bcd155c27bf29742b678068710.jpg,raytool-bm115-focusing-collimating-lens-with-assembly-1000x1000.jpg,products/27f2f04063c6e3ffab7de5ed37c191e789c6b0bcd155c27bf29742b678068710.jpg,image/jpeg,jpg,48377,27f2f04063c6e3ffab7de5ed37c191e789c6b0bcd155c27bf29742b678068710,1000,1000,Raytool BM115 Plano Focus Lenses,0,true
RAYTOOL-BM115-PLANO-FOCUS-LENSES,96ce0a2f8fcb4a4e141f5a77e9d3c0874228a1a893b2a20d76abea3ad65684ad.png,raytool-bm115-focusing-collimating-lens-with-assembly-1000x1000.png,products/96ce0a2f8fcb4a4e141f5a77e9d3c0874228a1a893b2a20d76abea3ad65684ad.png,image/png,png,309563,96ce0a2f8fcb4a4e141f5a77e9d3c0874228a1a893b2a20d76abea3ad65684ad,1000,705,Raytool BM115 Plano Focus Lenses,10,false
RAYTOOL-BM115-PLANO-FOCUS-LENSES,ce116f8ae8a984d095220101bc4bf4718710260027a8e9bede0e9e4cbe3c8818.webp,raytool-bm109-focusing-collimating-lens-with-assembly-1000x1000.webp,products/ce116f8ae8a984d095220101bc4bf4718710260027a8e9bede0e9e4cbe3c8818.webp,image/webp,webp,77570,ce116f8ae8a984d095220101bc4bf4718710260027a8e9bede0e9e4cbe3c8818,1000,993,Raytool BM115 Plano Focus Lenses,20,false
RAYTOOL-BM115-PLANO-FOCUS-LENSES,4e6df05e269da7974b6b1f6faecf682bb430a57c2f650223bfd08c909347d44d.webp,raytool-bm109-focusing-collimating-lens-with-assembly-1000x1000.webp,products/4e6df05e269da7974b6b1f6faecf682bb430a57c2f650223bfd08c909347d44d.webp,image/webp,webp,63548,4e6df05e269da7974b6b1f6faecf682bb430a57c2f650223bfd08c909347d44d,1000,907,Raytool BM115 Plano Focus Lenses,30,false
BODOR-LASER-FOCUS-LENS,d002420b92f0095ef0a07ecc2cad802b7ad8c37c5962018fd36ac88dfd5abcb9.jpg,bodor-laser-focus-lens-1000x1000.jpg,products/d002420b92f0095ef0a07ecc2cad802b7ad8c37c5962018fd36ac88dfd5abcb9.jpg,image/jpeg,jpg,70174,d002420b92f0095ef0a07ecc2cad802b7ad8c37c5962018fd36ac88dfd5abcb9,1000,1000,Bodor Laser Focus Lens,0,true
BODOR-LASER-FOCUS-LENS,35c2f641545fdabf3c710473508fe8ce1686f0df5b488cb86e91f2a8bd8a6aea.jpeg,bodor-laser-focus-lens-1000x1000.jpeg,products/35c2f641545fdabf3c710473508fe8ce1686f0df5b488cb86e91f2a8bd8a6aea.jpeg,image/jpeg,jpeg,46062,35c2f641545fdabf3c710473508fe8ce1686f0df5b488cb86e91f2a8bd8a6aea,720,571,Bodor Laser Focus Lens,10,false
BODOR-LASER-FOCUS-LENS,6cabe465dd5b8a4806c5dc2899cc48f375f240787afa1d63070ba229cd8c7b1e.jpg,bodor-laser-focus-lens-1000x1000.jpg,products/6cabe465dd5b8a4806c5dc2899cc48f375f240787afa1d63070ba229cd8c7b1e.jpg,image/jpeg,jpg,37729,6cabe465dd5b8a4806c5dc2899cc48f375f240787afa1d63070ba229cd8c7b1e,1000,1000,Bodor Laser Focus Lens,20,false
BODOR-LASER-FOCUS-LENS,d0530bd82d4bc1671cbd5b75fe4bff288b1862be2dd3ad893b864c19eb962804.jpg,bodor-laser-focus-lens-1000x1000.jpg,products/d0530bd82d4bc1671cbd5b75fe4bff288b1862be2dd3ad893b864c19eb962804.jpg,image/jpeg,jpg,70860,d0530bd82d4bc1671cbd5b75fe4bff288b1862be2dd3ad893b864c19eb962804,1000,869,Bodor Laser Focus Lens,30,false
BODOR-LASER-FOCUS-LENS,403099ba54047fae247fd4f7ae07b273f942b784030bf97b4ebb0d5ec217cae4.jpg,bodor-laser-focus-lens-1000x1000.jpg,products/403099ba54047fae247fd4f7ae07b273f942b784030bf97b4ebb0d5ec217cae4.jpg,image/jpeg,jpg,41261,403099ba54047fae247fd4f7ae07b273f942b784030bf97b4ebb0d5ec217cae4,1000,1000,Bodor Laser Focus Lens,40,false
AMADA-LASER-CUTTING-NOZZLE,9f457dcc8a056019008943c9bcf4c1abdf4e0cc352e30742bff49bc7d3b30970.jpg,amada-laser-cutting-nozzle-1000x1000.jpg,products/9f457dcc8a056019008943c9bcf4c1abdf4e0cc352e30742bff49bc7d3b30970.jpg,image/jpeg,jpg,71804,9f457dcc8a056019008943c9bcf4c1abdf4e0cc352e30742bff49bc7d3b30970,1000,1000,Amada Laser Cutting Nozzle,0,true
AMADA-LASER-CUTTING-NOZZLE,268fba865616e09233fff00c40ed50f62bd9029b95471d800c2f57600ae602f8.jpg,amada-laser-cutting-nozzle-1000x1000.jpg,products/268fba865616e09233fff00c40ed50f62bd9029b95471d800c2f57600ae602f8.jpg,image/jpeg,jpg,85675,268fba865616e09233fff00c40ed50f62bd9029b95471d800c2f57600ae602f8,986,1000,Amada Laser Cutting Nozzle,10,false
AMADA-LASER-CUTTING-NOZZLE,a898f43d3f1d251c20381d63057868158daa87ba3c96edf7aa928d8a31a1c73f.jpg,amada-laser-cutting-nozzle-1000x1000.jpg,products/a898f43d3f1d251c20381d63057868158daa87ba3c96edf7aa928d8a31a1c73f.jpg,image/jpeg,jpg,53280,a898f43d3f1d251c20381d63057868158daa87ba3c96edf7aa928d8a31a1c73f,1000,801,Amada Laser Cutting Nozzle,20,false
AMADA-LASER-CUTTING-NOZZLE,7e5f882c57c866d6cd48b8b40015a4e1720826a031fed8bed3f6438ae283964b.jpg,amada-laser-cutting-nozzle-1000x1000.jpg,products/7e5f882c57c866d6cd48b8b40015a4e1720826a031fed8bed3f6438ae283964b.jpg,image/jpeg,jpg,44782,7e5f882c57c866d6cd48b8b40015a4e1720826a031fed8bed3f6438ae283964b,1000,1000,Amada Laser Cutting Nozzle,30,false
MAZAK-3D-LASER-HEAD-ASSEMBLY-PARTS,2f1a1b18d14de394753baeee9d039279b6b54084c59f7477696e3bd985916dc9.jpg,mazak-3d-laser-head-assembly-parts-1000x1000.jpg,products/2f1a1b18d14de394753baeee9d039279b6b54084c59f7477696e3bd985916dc9.jpg,image/jpeg,jpg,61554,2f1a1b18d14de394753baeee9d039279b6b54084c59f7477696e3bd985916dc9,1000,1000,Mazak 3d Laser Head Assembly Parts,0,true
MAZAK-3D-LASER-HEAD-ASSEMBLY-PARTS,57bc826328568a06f644a0007934b1a41b1fb80bcc230edcd2ee323c60b535a3.jpg,product-jpeg-500x500.jpg,products/57bc826328568a06f644a0007934b1a41b1fb80bcc230edcd2ee323c60b535a3.jpg,image/jpeg,jpg,16374,57bc826328568a06f644a0007934b1a41b1fb80bcc230edcd2ee323c60b535a3,500,427,Mazak 3d Laser Head Assembly Parts,10,false
MAZAK-3D-LASER-HEAD-ASSEMBLY-PARTS,a884ac57cb20030d3ab09527853d807e80e21dc0a50ecd6e69ffdc2db2f2651b.jpeg,mazak-3d-laser-head-assembly-parts-1000x1000.jpeg,products/a884ac57cb20030d3ab09527853d807e80e21dc0a50ecd6e69ffdc2db2f2651b.jpeg,image/jpeg,jpeg,90044,a884ac57cb20030d3ab09527853d807e80e21dc0a50ecd6e69ffdc2db2f2651b,1000,699,Mazak 3d Laser Head Assembly Parts,20,false
MAZAK-3D-LASER-HEAD-ASSEMBLY-PARTS,30d53db6f4d12ab2375db98dbdc1dc39b9721e0391026684510ab25fc4eb64d4.jpg,mazak-3d-laser-head-assembly-parts-1000x1000.jpg,products/30d53db6f4d12ab2375db98dbdc1dc39b9721e0391026684510ab25fc4eb64d4.jpg,image/jpeg,jpg,21192,30d53db6f4d12ab2375db98dbdc1dc39b9721e0391026684510ab25fc4eb64d4,500,500,Mazak 3d Laser Head Assembly Parts,30,false
MAZAK-3D-LASER-HEAD-ASSEMBLY-PARTS,11805f9de8c93caf6785bada5e818b6f70ce31d97415d8606ca75153ff59beb9.jpeg,mazak-3d-laser-head-assembly-parts-1000x1000.jpeg,products/11805f9de8c93caf6785bada5e818b6f70ce31d97415d8606ca75153ff59beb9.jpeg,image/jpeg,jpeg,65269,11805f9de8c93caf6785bada5e818b6f70ce31d97415d8606ca75153ff59beb9,977,1000,Mazak 3d Laser Head Assembly Parts,40,false
I-3501-DNE-INSULATION-RING,b4b51e43d8b3900f6a9085b71ce7e676ed54a57779b39f5f956b03a04ea41514.webp,dne-insulation-ring-i-3501-1000x1000.webp,products/b4b51e43d8b3900f6a9085b71ce7e676ed54a57779b39f5f956b03a04ea41514.webp,image/webp,webp,51918,b4b51e43d8b3900f6a9085b71ce7e676ed54a57779b39f5f956b03a04ea41514,1000,1000,I 3501 DNE Insulation Ring,0,true
I-3501-DNE-INSULATION-RING,bd832e4b346498dcce31a3e291a14d316de1dea919e7a79781324659006e4ee1.webp,dne-insulation-ring-i-3501-1000x1000.webp,products/bd832e4b346498dcce31a3e291a14d316de1dea919e7a79781324659006e4ee1.webp,image/webp,webp,90405,bd832e4b346498dcce31a3e291a14d316de1dea919e7a79781324659006e4ee1,1000,1000,I 3501 DNE Insulation Ring,10,false
I-3501-DNE-INSULATION-RING,148ad849497049deaf9ba1fa98c93db50653a58bb8c381694595362107afa12b.webp,dne-insulation-ring-i-3501-1000x1000.webp,products/148ad849497049deaf9ba1fa98c93db50653a58bb8c381694595362107afa12b.webp,image/webp,webp,62345,148ad849497049deaf9ba1fa98c93db50653a58bb8c381694595362107afa12b,1000,825,I 3501 DNE Insulation Ring,20,false
I-2500-DNE-INSULATION-RING,3451cd328add3e95bad122ae6c188129a89df59fa9bf8b5fa64ab7c38f5240ca.webp,dne-insulation-ring-i-2500-1000x1000.webp,products/3451cd328add3e95bad122ae6c188129a89df59fa9bf8b5fa64ab7c38f5240ca.webp,image/webp,webp,46671,3451cd328add3e95bad122ae6c188129a89df59fa9bf8b5fa64ab7c38f5240ca,764,1000,I 2500 DNE Insulation Ring,0,true
I-2500-DNE-INSULATION-RING,22aab38452f338f98247c8d4457e77c5993676e3ba5ca44bc1bc6c6eb0f11602.png,dne-insulation-ring-i-2500-1000x1000.png,products/22aab38452f338f98247c8d4457e77c5993676e3ba5ca44bc1bc6c6eb0f11602.png,image/png,png,299766,22aab38452f338f98247c8d4457e77c5993676e3ba5ca44bc1bc6c6eb0f11602,1000,906,I 2500 DNE Insulation Ring,10,false
I-2500-DNE-INSULATION-RING,a1ec701fbdf1843220d505adebc9df18f68e541577d71ad78e42e7c6a78abebe.png,dne-insulation-ring-i-0502-1000x1000.png,products/a1ec701fbdf1843220d505adebc9df18f68e541577d71ad78e42e7c6a78abebe.png,image/png,png,262729,a1ec701fbdf1843220d505adebc9df18f68e541577d71ad78e42e7c6a78abebe,1000,700,I 2500 DNE Insulation Ring,20,false
I-2700-DNE-INSULATION-RING,8b0d5ca23545cc41721f74097ef82a37568e60b98f71c473359430cc531abb8d.webp,dne-insulation-ring-i-2700-1000x1000.webp,products/8b0d5ca23545cc41721f74097ef82a37568e60b98f71c473359430cc531abb8d.webp,image/webp,webp,60343,8b0d5ca23545cc41721f74097ef82a37568e60b98f71c473359430cc531abb8d,1000,784,I 2700 DNE Insulation Ring,0,true
I-2700-DNE-INSULATION-RING,597a4771550f8cebca5c4f1bd32aaee3773209a15f281b71fdfe0819913bfb6b.webp,dne-insulation-ring-i-2700-1000x1000.webp,products/597a4771550f8cebca5c4f1bd32aaee3773209a15f281b71fdfe0819913bfb6b.webp,image/webp,webp,49476,597a4771550f8cebca5c4f1bd32aaee3773209a15f281b71fdfe0819913bfb6b,750,1000,I 2700 DNE Insulation Ring,10,false
I-2700-DNE-INSULATION-RING,6320f3a340fc9af03b59abf6551fb0925b68998d275b1fcc11d3990706660c23.png,dne-insulation-ring-i-2500-1000x1000.png,products/6320f3a340fc9af03b59abf6551fb0925b68998d275b1fcc11d3990706660c23.png,image/png,png,327376,6320f3a340fc9af03b59abf6551fb0925b68998d275b1fcc11d3990706660c23,1000,1000,I 2700 DNE Insulation Ring,20,false
I-0502-DNE-INSULATION-RING,b68a5d7c5f674c87850f0d8819940eb40158f50f0685fba9fedb376d89b930d5.png,dne-insulation-ring-i-0502-1000x1000.png,products/b68a5d7c5f674c87850f0d8819940eb40158f50f0685fba9fedb376d89b930d5.png,image/png,png,325278,b68a5d7c5f674c87850f0d8819940eb40158f50f0685fba9fedb376d89b930d5,1000,841,I 0502 DNE Insulation Ring,0,true
I-0502-DNE-INSULATION-RING,62b2e454bffb3f9a412e3e2edc114c4269ed9354c5885076777ad352879f9baa.webp,dne-insulation-ring-i-0502-1000x1000.webp,products/62b2e454bffb3f9a412e3e2edc114c4269ed9354c5885076777ad352879f9baa.webp,image/webp,webp,46573,62b2e454bffb3f9a412e3e2edc114c4269ed9354c5885076777ad352879f9baa,774,1000,I 0502 DNE Insulation Ring,10,false
I-0502-DNE-INSULATION-RING,80f833c881f92363386da04be2d094b06de6c591cc222255c5c6dc65b10b48b3.png,dne-insulation-ring-i-0502-1000x1000.png,products/80f833c881f92363386da04be2d094b06de6c591cc222255c5c6dc65b10b48b3.png,image/png,png,183007,80f833c881f92363386da04be2d094b06de6c591cc222255c5c6dc65b10b48b3,1000,700,I 0502 DNE Insulation Ring,20,false
RAYTOOLS-LASER-CUTTING-HEAD,9ca03af359891e0753a530e1e901e8c0846735d681b7098d4a9b9b43a40730eb.jpg,raytools-laser-cutting-head-1000x1000.jpg,products/9ca03af359891e0753a530e1e901e8c0846735d681b7098d4a9b9b43a40730eb.jpg,image/jpeg,jpg,31138,9ca03af359891e0753a530e1e901e8c0846735d681b7098d4a9b9b43a40730eb,800,1000,Raytools Laser Cutting Head,0,true
RAYTOOLS-LASER-CUTTING-HEAD,dc91b5169f36f4f2e9cd7ce97c7bfb936f5523bb9f040670699b5f1b21fa75e9.jpeg,laser-cutting-head-cables-1000x1000.jpeg,products/dc91b5169f36f4f2e9cd7ce97c7bfb936f5523bb9f040670699b5f1b21fa75e9.jpeg,image/jpeg,jpeg,51682,dc91b5169f36f4f2e9cd7ce97c7bfb936f5523bb9f040670699b5f1b21fa75e9,720,720,Raytools Laser Cutting Head,10,false
RAYTOOLS-LASER-CUTTING-HEAD,421f0c1b326c0a59334d7853a485847d5b59ad0de0bbb78156638964406ab815.png,raytools-laser-cutting-head-1000x1000.png,products/421f0c1b326c0a59334d7853a485847d5b59ad0de0bbb78156638964406ab815.png,image/png,png,327326,421f0c1b326c0a59334d7853a485847d5b59ad0de0bbb78156638964406ab815,1000,1000,Raytools Laser Cutting Head,20,false
RAYTOOLS-LASER-CUTTING-HEAD,92cfdacaedd178741988d5dab743c8d27d5e42d36795548ce844cae0b7303abf.jpg,raytools-laser-cutting-head-1000x1000.jpg,products/92cfdacaedd178741988d5dab743c8d27d5e42d36795548ce844cae0b7303abf.jpg,image/jpeg,jpg,12779,92cfdacaedd178741988d5dab743c8d27d5e42d36795548ce844cae0b7303abf,1000,524,Raytools Laser Cutting Head,30,false
IPG-QBH-I-12X13-4KW-FIBER-LASER-CUTTING-MACHINE,6554e7ece5c77fd118b0dfebf81b20d6dde5156a2defc4ad62719ebfd2eba5a3.webp,ipg-qbh-i-12x13-4kw-1000x1000.webp,products/6554e7ece5c77fd118b0dfebf81b20d6dde5156a2defc4ad62719ebfd2eba5a3.webp,image/webp,webp,44851,6554e7ece5c77fd118b0dfebf81b20d6dde5156a2defc4ad62719ebfd2eba5a3,1000,775,IPG QBH I 12x13 4KW Fiber Laser Cutting Machine,0,true
IPG-QBH-I-12X13-4KW-FIBER-LASER-CUTTING-MACHINE,e2b075e27fba6d0a80d99c39289aae9f017fec326cb12474f09f6079ec8a7db4.webp,ipg-qbh-i-12x13-4kw-1000x1000.webp,products/e2b075e27fba6d0a80d99c39289aae9f017fec326cb12474f09f6079ec8a7db4.webp,image/webp,webp,38920,e2b075e27fba6d0a80d99c39289aae9f017fec326cb12474f09f6079ec8a7db4,778,1000,IPG QBH I 12x13 4KW Fiber Laser Cutting Machine,10,false
IPG-QBH-I-12X13-4KW-FIBER-LASER-CUTTING-MACHINE,7b4d2cf4d70cf6b40f1e5e60c0fd23b381cd81bc40913891948a83ec60480052.webp,ipg-qbh-i-12x13-4kw-1000x1000.webp,products/7b4d2cf4d70cf6b40f1e5e60c0fd23b381cd81bc40913891948a83ec60480052.webp,image/webp,webp,27886,7b4d2cf4d70cf6b40f1e5e60c0fd23b381cd81bc40913891948a83ec60480052,767,1000,IPG QBH I 12x13 4KW Fiber Laser Cutting Machine,20,false
OPHIR-CO2-LASER-MACHINE-LENS,0e9d8d7f4ddd8775f34a51a1c12204d6054a058563e61738b71f37b861984d20.jpg,plasma-cutting-nozzle-1000x1000.jpg,products/0e9d8d7f4ddd8775f34a51a1c12204d6054a058563e61738b71f37b861984d20.jpg,image/jpeg,jpg,37196,0e9d8d7f4ddd8775f34a51a1c12204d6054a058563e61738b71f37b861984d20,1000,667,Ophir Co2 Laser Machine Lens,0,true
OPHIR-CO2-LASER-MACHINE-LENS,c1f634f176af2c264007f772b41d178c45cc2380cb473ba28c14c440417f2358.jpg,ophir-make-lenses-for-all-types-laser-co2-fiber-machines-1000x1000.jpg,products/c1f634f176af2c264007f772b41d178c45cc2380cb473ba28c14c440417f2358.jpg,image/jpeg,jpg,109061,c1f634f176af2c264007f772b41d178c45cc2380cb473ba28c14c440417f2358,1000,973,Ophir Co2 Laser Machine Lens,10,false
OPHIR-CO2-LASER-MACHINE-LENS,81496befeb5fd21185e3384413bf20b808401a74f3d76afb8bb30ce852b6d698.webp,ii-vi-co2-laser-mirror-1000x1000.webp,products/81496befeb5fd21185e3384413bf20b808401a74f3d76afb8bb30ce852b6d698.webp,image/webp,webp,53922,81496befeb5fd21185e3384413bf20b808401a74f3d76afb8bb30ce852b6d698,1000,813,Ophir Co2 Laser Machine Lens,20,false
OPHIR-CO2-LASER-MACHINE-LENS,8866b971304a683e5d9841c0ac7f5d0f4a4a8bc131b04bf344a2ae06ac203aae.jpg,laser-cutting-machine-nozzles-1000x1000.jpg,products/8866b971304a683e5d9841c0ac7f5d0f4a4a8bc131b04bf344a2ae06ac203aae.jpg,image/jpeg,jpg,26416,8866b971304a683e5d9841c0ac7f5d0f4a4a8bc131b04bf344a2ae06ac203aae,1000,909,Ophir Co2 Laser Machine Lens,30,false
AMADA-LASER-CUTTING-NOZZLE-2,2ef22425cb39b6855c276fd28ee9a1489a24185b995dde64eb64dddca8b23b7a.jpg,trumpf-laser-nozzle-1000x1000.jpg,products/2ef22425cb39b6855c276fd28ee9a1489a24185b995dde64eb64dddca8b23b7a.jpg,image/jpeg,jpg,59374,2ef22425cb39b6855c276fd28ee9a1489a24185b995dde64eb64dddca8b23b7a,1000,1000,Amada Laser Cutting Nozzle,0,true
AMADA-LASER-CUTTING-NOZZLE-2,584d957fb6bf331466cb1f1da15b85d95cd816617c05fa77eba615254a397a02.jpg,product-jpeg-500x500.jpg,products/584d957fb6bf331466cb1f1da15b85d95cd816617c05fa77eba615254a397a02.jpg,image/jpeg,jpg,15532,584d957fb6bf331466cb1f1da15b85d95cd816617c05fa77eba615254a397a02,500,433,Amada Laser Cutting Nozzle,10,false
AMADA-LASER-CUTTING-NOZZLE-2,2eec45ce80c66c7663acc3ca49909bd02f279e8ca11afe1597271e08c2f6d0e2.jpg,amada-laser-cutting-nozzle-1000x1000.jpg,products/2eec45ce80c66c7663acc3ca49909bd02f279e8ca11afe1597271e08c2f6d0e2.jpg,image/jpeg,jpg,85689,2eec45ce80c66c7663acc3ca49909bd02f279e8ca11afe1597271e08c2f6d0e2,986,1000,Amada Laser Cutting Nozzle,20,false
2D-LASER-CUTTING-SERVICES,bd1313ca91bdc7bf3b78c38d683d177595d423dea613e92dc14452dce5e740db.jpg,2d-laser-cutting-services-1000x1000.jpg,products/bd1313ca91bdc7bf3b78c38d683d177595d423dea613e92dc14452dce5e740db.jpg,image/jpeg,jpg,53768,bd1313ca91bdc7bf3b78c38d683d177595d423dea613e92dc14452dce5e740db,1000,418,2D Laser Cutting Services,0,true
2D-LASER-CUTTING-SERVICES,15e997ed426539f18a956bb72f1af017e9e43e268178fd5924ea792550792b90.jpg,2d-laser-cutting-services-1000x1000.jpg,products/15e997ed426539f18a956bb72f1af017e9e43e268178fd5924ea792550792b90.jpg,image/jpeg,jpg,36532,15e997ed426539f18a956bb72f1af017e9e43e268178fd5924ea792550792b90,1000,638,2D Laser Cutting Services,10,false
2D-LASER-CUTTING-SERVICES,b41a35ca2fc4fd0ad755b97e38ec1e02769335dbe0ed6f7cb410560bac88a10c.webp,2d-laser-cutting-services-1000x1000.webp,products/b41a35ca2fc4fd0ad755b97e38ec1e02769335dbe0ed6f7cb410560bac88a10c.webp,image/webp,webp,85069,b41a35ca2fc4fd0ad755b97e38ec1e02769335dbe0ed6f7cb410560bac88a10c,1000,750,2D Laser Cutting Services,20,false
TUBE-LASER-CUTTING-SERVICES,23be321d295d144ad3fd216c1db03fa98637ed342e17094b1fc1b47528911404.webp,tube-laser-cutting-services-1000x1000.webp,products/23be321d295d144ad3fd216c1db03fa98637ed342e17094b1fc1b47528911404.webp,image/webp,webp,26274,23be321d295d144ad3fd216c1db03fa98637ed342e17094b1fc1b47528911404,1000,427,Tube Laser Cutting Services,0,true
TUBE-LASER-CUTTING-SERVICES,f310aff0cae84694d023401ccf6b4ac375f0093bcc64a15c3fa6f22258cfc219.jpg,tube-laser-cutting-services-1000x1000.jpg,products/f310aff0cae84694d023401ccf6b4ac375f0093bcc64a15c3fa6f22258cfc219.jpg,image/jpeg,jpg,38292,f310aff0cae84694d023401ccf6b4ac375f0093bcc64a15c3fa6f22258cfc219,1000,386,Tube Laser Cutting Services,10,false
TUBE-LASER-CUTTING-SERVICES,6805e2cfb30043442ee8d23e61aaf179004c7db6fbdc0f2c963b97602fd89fa1.png,tube-laser-cutting-services-1000x1000.png,products/6805e2cfb30043442ee8d23e61aaf179004c7db6fbdc0f2c963b97602fd89fa1.png,image/png,png,169241,6805e2cfb30043442ee8d23e61aaf179004c7db6fbdc0f2c963b97602fd89fa1,1000,1000,Tube Laser Cutting Services,20,false
3D-5-AXIS-LASER-CUTTING-SERVICES,87d177df35e2784248a4b7df0c72d303d01faecfa14143acc0aa1dd82d175f97.jpg,3d-laser-cutting-services-1000x1000.jpg,products/87d177df35e2784248a4b7df0c72d303d01faecfa14143acc0aa1dd82d175f97.jpg,image/jpeg,jpg,107969,87d177df35e2784248a4b7df0c72d303d01faecfa14143acc0aa1dd82d175f97,1000,666,3D 5 Axis Laser Cutting Services,0,true
3D-5-AXIS-LASER-CUTTING-SERVICES,cadee9d0fd75d4be558632387a8f4d64a60612efc6386f7fac5208e3dad67dc4.jpg,3d-5-axis-laser-cutting-services-1000x1000.jpg,products/cadee9d0fd75d4be558632387a8f4d64a60612efc6386f7fac5208e3dad67dc4.jpg,image/jpeg,jpg,78924,cadee9d0fd75d4be558632387a8f4d64a60612efc6386f7fac5208e3dad67dc4,1000,562,3D 5 Axis Laser Cutting Services,10,false
3D-5-AXIS-LASER-CUTTING-SERVICES,5a9a1160cfda70ade0703c25ac4061c7cc82932b998498dd4534ce897739ee02.jpg,3d-5-axis-laser-cutting-services-1000x1000.jpg,products/5a9a1160cfda70ade0703c25ac4061c7cc82932b998498dd4534ce897739ee02.jpg,image/jpeg,jpg,93531,5a9a1160cfda70ade0703c25ac4061c7cc82932b998498dd4534ce897739ee02,1000,567,3D 5 Axis Laser Cutting Services,20,false
3D-5-AXIS-LASER-CUTTING-SERVICES,273cb68aef16c80d3a7daa2925954799126fe1e416a7fe84968e4bae10dc0d1d.jpg,3d-laser-cutting-services-1000x1000.jpg,products/273cb68aef16c80d3a7daa2925954799126fe1e416a7fe84968e4bae10dc0d1d.jpg,image/jpeg,jpg,65393,273cb68aef16c80d3a7daa2925954799126fe1e416a7fe84968e4bae10dc0d1d,1000,667,3D 5 Axis Laser Cutting Services,30,false
3D-5-AXIS-LASER-CUTTING-SERVICES,473620087ea1ef38b7318d34b65f8e59dad43b1d34b531fd6bb4b731ae31db88.jpg,3d-laser-cutting-services-1000x1000.jpg,products/473620087ea1ef38b7318d34b65f8e59dad43b1d34b531fd6bb4b731ae31db88.jpg,image/jpeg,jpg,88179,473620087ea1ef38b7318d34b65f8e59dad43b1d34b531fd6bb4b731ae31db88,1000,667,3D 5 Axis Laser Cutting Services,40,false
LASER-EQUIPMENT-PARTS,7b7bd1e9d806f2f6024f0f5ea7e306f68f834cf1d290ee210de34916d5167df9.jpeg,product-jpeg-500x500.jpeg,products/7b7bd1e9d806f2f6024f0f5ea7e306f68f834cf1d290ee210de34916d5167df9.jpeg,image/jpeg,jpeg,19663,7b7bd1e9d806f2f6024f0f5ea7e306f68f834cf1d290ee210de34916d5167df9,500,400,Laser Equipment Parts,0,true
LASER-EQUIPMENT-PARTS,13d00dc1b87e532889248c59cb9baa81f23e9364e2b671d6dc79fc2ff46c7815.jpg,laser-equipment-parts-1000x1000.jpg,products/13d00dc1b87e532889248c59cb9baa81f23e9364e2b671d6dc79fc2ff46c7815.jpg,image/jpeg,jpg,47557,13d00dc1b87e532889248c59cb9baa81f23e9364e2b671d6dc79fc2ff46c7815,1000,763,Laser Equipment Parts,10,false
LASER-EQUIPMENT-PARTS,a9787fd19803326ccabf2d730d7a986907de52f0feaa607b16b6c0d2bbbea2ed.jpg,laser-equipment-parts-1000x1000.jpg,products/a9787fd19803326ccabf2d730d7a986907de52f0feaa607b16b6c0d2bbbea2ed.jpg,image/jpeg,jpg,24672,a9787fd19803326ccabf2d730d7a986907de52f0feaa607b16b6c0d2bbbea2ed,1000,768,Laser Equipment Parts,20,false
CP-10-FILTER-FOR-CHILLER-UNIT,2d11aa2e9c1e951c20b658e462d67398d3980b4382754808df2ebe6175752739.jpg,cp-10-filter-for-chiller-unit-1000x1000.jpg,products/2d11aa2e9c1e951c20b658e462d67398d3980b4382754808df2ebe6175752739.jpg,image/jpeg,jpg,49751,2d11aa2e9c1e951c20b658e462d67398d3980b4382754808df2ebe6175752739,1000,450,CP 10 Filter for Chiller Unit,0,true
CP-10-FILTER-FOR-CHILLER-UNIT,73b929eae793b539d3ebe9173f80281a17176520adc526174bcdb4fdc175ebe1.jpg,laser-cartridge-filler-1000x1000.jpg,products/73b929eae793b539d3ebe9173f80281a17176520adc526174bcdb4fdc175ebe1.jpg,image/jpeg,jpg,23433,73b929eae793b539d3ebe9173f80281a17176520adc526174bcdb4fdc175ebe1,799,615,CP 10 Filter for Chiller Unit,10,false
CP-10-FILTER-FOR-CHILLER-UNIT,8c860b47ecbe1e093eda8f4d83e5a3f577ff652ffee4b45bdaca9a5619417ba3.jpg,cp-10-filter-for-chiller-unit-1000x1000.jpg,products/8c860b47ecbe1e093eda8f4d83e5a3f577ff652ffee4b45bdaca9a5619417ba3.jpg,image/jpeg,jpg,148566,8c860b47ecbe1e093eda8f4d83e5a3f577ff652ffee4b45bdaca9a5619417ba3,1000,1000,CP 10 Filter for Chiller Unit,20,false
CP-10-FILTER-FOR-CHILLER-UNIT,81557441610962ab38b637dcf3a0c7a9bc1441fc45727866607093947ed923eb.jpg,cp-10-filter-for-chiller-unit-1000x1000.jpg,products/81557441610962ab38b637dcf3a0c7a9bc1441fc45727866607093947ed923eb.jpg,image/jpeg,jpg,76343,81557441610962ab38b637dcf3a0c7a9bc1441fc45727866607093947ed923eb,1000,868,CP 10 Filter for Chiller Unit,30,false
RAYTOOL-BM06K-PLANO-LASER-LENS,896017c000036069cb1b4cb063388e3cc69880dbe7743ef88b6786145e8ba3ee.webp,raytool-bm06k-focusing-collimating-lens-with-assembly-1000x1000.webp,products/896017c000036069cb1b4cb063388e3cc69880dbe7743ef88b6786145e8ba3ee.webp,image/webp,webp,63900,896017c000036069cb1b4cb063388e3cc69880dbe7743ef88b6786145e8ba3ee,1000,773,Raytool BM06k Plano Laser Lens,0,true
RAYTOOL-BM06K-PLANO-LASER-LENS,7916361bbac5cbe5d6dd1131894113054b720a8afb75642b75692efabb21e93f.webp,raytool-bm06k-focusing-collimating-lens-with-assembly-1000x1000.webp,products/7916361bbac5cbe5d6dd1131894113054b720a8afb75642b75692efabb21e93f.webp,image/webp,webp,58681,7916361bbac5cbe5d6dd1131894113054b720a8afb75642b75692efabb21e93f,1000,782,Raytool BM06k Plano Laser Lens,10,false
RAYTOOL-BM06K-PLANO-LASER-LENS,ee9af4d921d61ed85f6515f1aad4475ced967d94415af601f758671e8b58f21f.webp,raytool-bm06k-focusing-collimating-lens-with-assembly-1000x1000.webp,products/ee9af4d921d61ed85f6515f1aad4475ced967d94415af601f758671e8b58f21f.webp,image/webp,webp,54129,ee9af4d921d61ed85f6515f1aad4475ced967d94415af601f758671e8b58f21f,1000,775,Raytool BM06k Plano Laser Lens,20,false
OPHIR-MAZAK-CO2-LASER-LENSE,7dde41b7af82b70ed754a70e6d8ecd2fc3210e8677f75791a03c443757cca678.jpeg,product-jpeg-500x500.jpeg,products/7dde41b7af82b70ed754a70e6d8ecd2fc3210e8677f75791a03c443757cca678.jpeg,image/jpeg,jpeg,16921,7dde41b7af82b70ed754a70e6d8ecd2fc3210e8677f75791a03c443757cca678,459,500,Ophir Mazak Co2 Laser Lense,0,true
OPHIR-MAZAK-CO2-LASER-LENSE,f415682cf5b0073907d67999a7c7dc05f382f67d7e5bce0fb53c4e7955b7b305.jpg,ophir-mazak-co2-lens-1000x1000.jpg,products/f415682cf5b0073907d67999a7c7dc05f382f67d7e5bce0fb53c4e7955b7b305.jpg,image/jpeg,jpg,37809,f415682cf5b0073907d67999a7c7dc05f382f67d7e5bce0fb53c4e7955b7b305,1000,1000,Ophir Mazak Co2 Laser Lense,10,false
OPHIR-MAZAK-CO2-LASER-LENSE,b4f4fe1e7707f1a9cbf9afd7b7ccfd840eac646c379b6c8f87b135b1d3e3e913.jpg,ophir-mazak-co2-lens-1000x1000.jpg,products/b4f4fe1e7707f1a9cbf9afd7b7ccfd840eac646c379b6c8f87b135b1d3e3e913.jpg,image/jpeg,jpg,88724,b4f4fe1e7707f1a9cbf9afd7b7ccfd840eac646c379b6c8f87b135b1d3e3e913,1000,991,Ophir Mazak Co2 Laser Lense,20,false
355NM-FUSED-SILICA-LASER-LENSE,0bb411e4978f2bcd0305300b19a27b1a85f13f3992b6606d8476e6d249c233fe.webp,max-qbh-i-12-9x9-4-1-5kw-1000x1000.webp,products/0bb411e4978f2bcd0305300b19a27b1a85f13f3992b6606d8476e6d249c233fe.webp,image/webp,webp,46090,0bb411e4978f2bcd0305300b19a27b1a85f13f3992b6606d8476e6d249c233fe,1000,777,355nm Fused Silica Laser Lense,0,true
355NM-FUSED-SILICA-LASER-LENSE,f139a4ff5bebdbcde0387c4a39c0f9f5bf8b8a8b8679ba132084ccc7c9713dfb.webp,max-qbh-i-12-9x9-4-1-5kw-1000x1000.webp,products/f139a4ff5bebdbcde0387c4a39c0f9f5bf8b8a8b8679ba132084ccc7c9713dfb.webp,image/webp,webp,59499,f139a4ff5bebdbcde0387c4a39c0f9f5bf8b8a8b8679ba132084ccc7c9713dfb,1000,778,355nm Fused Silica Laser Lense,10,false
355NM-FUSED-SILICA-LASER-LENSE,450fd2a72fd0c2ba0952717a7900c00611ba84084d2df8a338bfb2544cbca794.webp,max-qbh-i-12-9x9-4-1-5kw-1000x1000.webp,products/450fd2a72fd0c2ba0952717a7900c00611ba84084d2df8a338bfb2544cbca794.webp,image/webp,webp,24842,450fd2a72fd0c2ba0952717a7900c00611ba84084d2df8a338bfb2544cbca794,1000,595,355nm Fused Silica Laser Lense,20,false
400MM-RAYCUS-LASER-LENSE,09b3a2f1ce2641fa4d52f784fc9a9c661dd244d3c4aed93af05ea528e5a15e87.webp,raycus-qbh-i-12-8x19-7-3-3kw-1000x1000.webp,products/09b3a2f1ce2641fa4d52f784fc9a9c661dd244d3c4aed93af05ea528e5a15e87.webp,image/webp,webp,48982,09b3a2f1ce2641fa4d52f784fc9a9c661dd244d3c4aed93af05ea528e5a15e87,1000,751,400mm Raycus Laser Lense,0,true
400MM-RAYCUS-LASER-LENSE,68e7b347d83a27d56c1f506e3fee49b650844ab4110b76580195b1e5681a8ffa.webp,raycus-qbh-i-12-8x19-7-3-3kw-1000x1000.webp,products/68e7b347d83a27d56c1f506e3fee49b650844ab4110b76580195b1e5681a8ffa.webp,image/webp,webp,12860,68e7b347d83a27d56c1f506e3fee49b650844ab4110b76580195b1e5681a8ffa,1000,1000,400mm Raycus Laser Lense,10,false
400MM-RAYCUS-LASER-LENSE,19009c779a3c3b43c59dc4eb6f7fea803290f515cf062f2eabdbdc378c334186.webp,raycus-qbh-i-12-8x19-7-3-3kw-1000x1000.webp,products/19009c779a3c3b43c59dc4eb6f7fea803290f515cf062f2eabdbdc378c334186.webp,image/webp,webp,60239,19009c779a3c3b43c59dc4eb6f7fea803290f515cf062f2eabdbdc378c334186,1000,794,400mm Raycus Laser Lense,20,false
LASER-MACHINE-MIRRORS,8a53aca179ed19505c0006763380903c2178ac7f4028b6d1b252af74c7a7ac72.jpg,laser-machine-mirrors-1000x1000.jpg,products/8a53aca179ed19505c0006763380903c2178ac7f4028b6d1b252af74c7a7ac72.jpg,image/jpeg,jpg,43730,8a53aca179ed19505c0006763380903c2178ac7f4028b6d1b252af74c7a7ac72,1000,1000,Laser Machine Mirrors,0,true
LASER-MACHINE-MIRRORS,1583be66319afd3808dd7ee0dde7f05386cae7b92f782a88114850844eb7ff37.jpg,laser-machine-mirrors-1000x1000.jpg,products/1583be66319afd3808dd7ee0dde7f05386cae7b92f782a88114850844eb7ff37.jpg,image/jpeg,jpg,23147,1583be66319afd3808dd7ee0dde7f05386cae7b92f782a88114850844eb7ff37,809,527,Laser Machine Mirrors,10,false
LASER-MACHINE-MIRRORS,3c7968105816b782e2042f13aa6e0be28779278a7f93d967bb618b185997cc44.png,laser-machine-mirrors-1000x1000.png,products/3c7968105816b782e2042f13aa6e0be28779278a7f93d967bb618b185997cc44.png,image/png,png,79045,3c7968105816b782e2042f13aa6e0be28779278a7f93d967bb618b185997cc44,500,500,Laser Machine Mirrors,20,false
LASER-MACHINE-MIRRORS,2178672174992c6023507ebcf483f56f6d1c2396e539e804632471fd62f2a72e.png,laser-machine-mirrors-1000x1000.png,products/2178672174992c6023507ebcf483f56f6d1c2396e539e804632471fd62f2a72e.png,image/png,png,125289,2178672174992c6023507ebcf483f56f6d1c2396e539e804632471fd62f2a72e,500,500,Laser Machine Mirrors,30,false
LASER-MACHINE-MIRRORS,edd7cfe8c5608da3abac2e909c291d6f955faa6ab13a20f4ae48ff2b087c9968.jpg,laser-machine-mirrors-1000x1000.jpg,products/edd7cfe8c5608da3abac2e909c291d6f955faa6ab13a20f4ae48ff2b087c9968.jpg,image/jpeg,jpg,58323,edd7cfe8c5608da3abac2e909c291d6f955faa6ab13a20f4ae48ff2b087c9968,1000,1000,Laser Machine Mirrors,40,false
LASER-MACHINE-MIRRORS,bd6f907a9a8085336344d17360a1aba5ebe7d8f82eab40dc6c28f090ae87f273.jpg,laser-machine-mirrors-1000x1000.jpg,products/bd6f907a9a8085336344d17360a1aba5ebe7d8f82eab40dc6c28f090ae87f273.jpg,image/jpeg,jpg,43607,bd6f907a9a8085336344d17360a1aba5ebe7d8f82eab40dc6c28f090ae87f273,1000,1000,Laser Machine Mirrors,50,false
LASER-MACHINE-MIRRORS,31b5ac0ad1a199847007b299c386cca4c26398bae4eb5a1f66f697f0bd777b7c.jpg,laser-machine-mirrors-1000x1000.jpg,products/31b5ac0ad1a199847007b299c386cca4c26398bae4eb5a1f66f697f0bd777b7c.jpg,image/jpeg,jpg,30915,31b5ac0ad1a199847007b299c386cca4c26398bae4eb5a1f66f697f0bd777b7c,1000,750,Laser Machine Mirrors,60,false
DOUBLE-LAYERS-RAYTOOLS-LASER-NOZZLE,7128aa93cae69f528364bb44080750da0356e846bf817bd2f2ef9c4734c9f6e5.jpg,double-layers-raytools-laser-nozzle-1000x1000.jpg,products/7128aa93cae69f528364bb44080750da0356e846bf817bd2f2ef9c4734c9f6e5.jpg,image/jpeg,jpg,41004,7128aa93cae69f528364bb44080750da0356e846bf817bd2f2ef9c4734c9f6e5,1000,1000,Double Layers Raytools Laser Nozzle,0,true
DOUBLE-LAYERS-RAYTOOLS-LASER-NOZZLE,9e804dd643aff6b1900e203ef3185cc0c4a2e988607aa03b656c65a52d7e410f.jpg,double-layers-raytools-laser-nozzle-1000x1000.jpg,products/9e804dd643aff6b1900e203ef3185cc0c4a2e988607aa03b656c65a52d7e410f.jpg,image/jpeg,jpg,27861,9e804dd643aff6b1900e203ef3185cc0c4a2e988607aa03b656c65a52d7e410f,1000,825,Double Layers Raytools Laser Nozzle,10,false
DOUBLE-LAYERS-RAYTOOLS-LASER-NOZZLE,0e48129c937695f136d3b2d84a6c45271ef1e25d066e38b2ce714c714aefc5f7.jpg,double-layers-raytools-laser-nozzle-1000x1000.jpg,products/0e48129c937695f136d3b2d84a6c45271ef1e25d066e38b2ce714c714aefc5f7.jpg,image/jpeg,jpg,32503,0e48129c937695f136d3b2d84a6c45271ef1e25d066e38b2ce714c714aefc5f7,1000,889,Double Layers Raytools Laser Nozzle,20,false
DOUBLE-LAYERS-RAYTOOLS-LASER-NOZZLE,3316b4c8cd17999027830f2c17518c3a7e611cb0fbc1300b290f8537d0a6b28e.png,double-layers-raytools-laser-nozzle-1000x1000.png,products/3316b4c8cd17999027830f2c17518c3a7e611cb0fbc1300b290f8537d0a6b28e.png,image/png,png,80759,3316b4c8cd17999027830f2c17518c3a7e611cb0fbc1300b290f8537d0a6b28e,706,1000,Double Layers Raytools Laser Nozzle,30,false
RAYTOOLS-LASER-HEAD-PROTECTION-LENS,5365827f94eafde3eb464d0d46c7d769deb81e1b82deb7605d330b7a81dcb745.jpeg,raytools-laser-head-protection-lens-1000x1000.jpeg,products/5365827f94eafde3eb464d0d46c7d769deb81e1b82deb7605d330b7a81dcb745.jpeg,image/jpeg,jpeg,53080,5365827f94eafde3eb464d0d46c7d769deb81e1b82deb7605d330b7a81dcb745,869,1000,Raytools Laser Head Protection Lens,0,true
RAYTOOLS-LASER-HEAD-PROTECTION-LENS,b99ca326ad5bab9e3a72a2a66cc92d9e3d043d04e43f4d79348f55b5e38aa040.jpg,product-jpeg-500x500.jpg,products/b99ca326ad5bab9e3a72a2a66cc92d9e3d043d04e43f4d79348f55b5e38aa040.jpg,image/jpeg,jpg,24984,b99ca326ad5bab9e3a72a2a66cc92d9e3d043d04e43f4d79348f55b5e38aa040,417,500,Raytools Laser Head Protection Lens,10,false
RAYTOOLS-LASER-HEAD-PROTECTION-LENS,1371850b914daaec923839c8624a816add1686af2d91acba7cde78ef28d04826.jpg,raytools-laser-head-protection-lens-1000x1000.jpg,products/1371850b914daaec923839c8624a816add1686af2d91acba7cde78ef28d04826.jpg,image/jpeg,jpg,47418,1371850b914daaec923839c8624a816add1686af2d91acba7cde78ef28d04826,1000,1000,Raytools Laser Head Protection Lens,20,false
RAYTOOLS-LASER-HEAD-PROTECTION-LENS,a71316b43a054671a7346cd86e31d894f0b40b9380dce5fa8b85a527aa8f4cb1.jpg,raytools-laser-head-protection-lens-1000x1000.jpg,products/a71316b43a054671a7346cd86e31d894f0b40b9380dce5fa8b85a527aa8f4cb1.jpg,image/jpeg,jpg,34602,a71316b43a054671a7346cd86e31d894f0b40b9380dce5fa8b85a527aa8f4cb1,1000,1000,Raytools Laser Head Protection Lens,30,false
HYCO-VACUUM-PUMP,a3a2defef393c454a048f2e9e3f2e15edb8ac165eced6bb70f8256d5e81fa708.jpg,product-jpeg-500x500.jpg,products/a3a2defef393c454a048f2e9e3f2e15edb8ac165eced6bb70f8256d5e81fa708.jpg,image/jpeg,jpg,27799,a3a2defef393c454a048f2e9e3f2e15edb8ac165eced6bb70f8256d5e81fa708,500,493,Hyco Vacuum Pump,0,true
HYCO-VACUUM-PUMP,4e744cb17ded843928631eac1cee6ee7fad54224bd0a50d68f478095e541acfb.jpg,hyco-vacuum-pump-1000x1000.jpg,products/4e744cb17ded843928631eac1cee6ee7fad54224bd0a50d68f478095e541acfb.jpg,image/jpeg,jpg,45212,4e744cb17ded843928631eac1cee6ee7fad54224bd0a50d68f478095e541acfb,1000,667,Hyco Vacuum Pump,10,false
HYCO-VACUUM-PUMP,648d7192cedd35a6f917ad4e310df4dd14cd12ac28edfd8f510f0401c022b1ff.jpg,hyco-vacuum-pump-1000x1000.jpg,products/648d7192cedd35a6f917ad4e310df4dd14cd12ac28edfd8f510f0401c022b1ff.jpg,image/jpeg,jpg,111967,648d7192cedd35a6f917ad4e310df4dd14cd12ac28edfd8f510f0401c022b1ff,1000,1000,Hyco Vacuum Pump,20,false
HYCO-VACUUM-PUMP,016e5e2b23b5b58b85ae65592662b63d4d5755b202755240e1dc4a153e9bfa1f.png,hyco-vacuum-pump-1000x1000.png,products/016e5e2b23b5b58b85ae65592662b63d4d5755b202755240e1dc4a153e9bfa1f.png,image/png,png,103906,016e5e2b23b5b58b85ae65592662b63d4d5755b202755240e1dc4a153e9bfa1f,649,1000,Hyco Vacuum Pump,30,false
1MM-CO2-LASER-MIRROR,722367fef47ee5b167e6cdabaca38d1826bdbb9256fb55ffe152f0b68d9dcd9d.webp,ii-vi-co2-laser-mirror-1000x1000.webp,products/722367fef47ee5b167e6cdabaca38d1826bdbb9256fb55ffe152f0b68d9dcd9d.webp,image/webp,webp,57506,722367fef47ee5b167e6cdabaca38d1826bdbb9256fb55ffe152f0b68d9dcd9d,1000,823,1mm Co2 Laser Mirror,0,true
1MM-CO2-LASER-MIRROR,c25bcfb712617cc845337ad3e3cf7ca95aaf1fb25693ca737e9ee7d732dafe1f.jpg,laser-co2-fiber-mirrors-500x500.jpg,products/c25bcfb712617cc845337ad3e3cf7ca95aaf1fb25693ca737e9ee7d732dafe1f.jpg,image/jpeg,jpg,24439,c25bcfb712617cc845337ad3e3cf7ca95aaf1fb25693ca737e9ee7d732dafe1f,500,484,1mm Co2 Laser Mirror,10,false
1MM-CO2-LASER-MIRROR,39d58d16a63d47c76ca3ee57d6476f92fe38a6d113e30baf7c42c959aa323c05.webp,ii-vi-co2-laser-mirror-1000x1000.webp,products/39d58d16a63d47c76ca3ee57d6476f92fe38a6d113e30baf7c42c959aa323c05.webp,image/webp,webp,44391,39d58d16a63d47c76ca3ee57d6476f92fe38a6d113e30baf7c42c959aa323c05,1000,670,1mm Co2 Laser Mirror,20,false
1MM-CO2-LASER-MIRROR,16b6d1ac68ccd147e6224fa60f1c74cf52499b7c9104e00220080d24a4e3f20a.webp,ii-vi-co2-laser-mirror-1000x1000.webp,products/16b6d1ac68ccd147e6224fa60f1c74cf52499b7c9104e00220080d24a4e3f20a.webp,image/webp,webp,60632,16b6d1ac68ccd147e6224fa60f1c74cf52499b7c9104e00220080d24a4e3f20a,1000,1000,1mm Co2 Laser Mirror,30,false
OPHIR-CO2-LASER-LENS,f235aea15de8ffe6a62df2d493355007b144d20e777a76933276874c5604e530.png,laser-mirror-500x500.png,products/f235aea15de8ffe6a62df2d493355007b144d20e777a76933276874c5604e530.png,image/png,png,110990,f235aea15de8ffe6a62df2d493355007b144d20e777a76933276874c5604e530,500,475,Ophir Co2 Laser Lens,0,true
OPHIR-CO2-LASER-LENS,4b2d6dd374e6322b7d3f5ab57a9bb5e12f24abc994b82a2e45ce9104caed62d2.png,ophir-co2-laser-lens-and-mirror-1000x1000.png,products/4b2d6dd374e6322b7d3f5ab57a9bb5e12f24abc994b82a2e45ce9104caed62d2.png,image/png,png,88860,4b2d6dd374e6322b7d3f5ab57a9bb5e12f24abc994b82a2e45ce9104caed62d2,500,500,Ophir Co2 Laser Lens,10,false
OPHIR-CO2-LASER-LENS,e9443d330100f54ae16581fceb89844c1f22eda26b1bf8560fbee6d4053261f5.png,ophir-co2-laser-lens-and-mirror-1000x1000.png,products/e9443d330100f54ae16581fceb89844c1f22eda26b1bf8560fbee6d4053261f5.png,image/png,png,99926,e9443d330100f54ae16581fceb89844c1f22eda26b1bf8560fbee6d4053261f5,649,1000,Ophir Co2 Laser Lens,20,false
OPHIR-CO2-LASER-LENS,363475f80f37e37a27cb695111321d11c4123cea0d6f9c16979d0eb77b1482b6.png,ophir-co2-laser-lens-and-mirror-1000x1000.png,products/363475f80f37e37a27cb695111321d11c4123cea0d6f9c16979d0eb77b1482b6.png,image/png,png,90292,363475f80f37e37a27cb695111321d11c4123cea0d6f9c16979d0eb77b1482b6,500,500,Ophir Co2 Laser Lens,30,false
OPHIR-CO2-LASER-LENS,aa0650afabc8c1a5fcc0581f07de23d249e59412c3b81131839e5c25fab1956a.jpg,ophir-co2-laser-lens-and-mirror-1000x1000.jpg,products/aa0650afabc8c1a5fcc0581f07de23d249e59412c3b81131839e5c25fab1956a.jpg,image/jpeg,jpg,112626,aa0650afabc8c1a5fcc0581f07de23d249e59412c3b81131839e5c25fab1956a,986,1000,Ophir Co2 Laser Lens,40,false
SINGLE-LAYER-BODOR-LASER-NOZZLE,eb82a08e53c86c8b5cc03b26794588d201388a8a7c14a23c323cb8347e1b7ac6.png,single-layer-bodor-laser-nozzle-500x500.png,products/eb82a08e53c86c8b5cc03b26794588d201388a8a7c14a23c323cb8347e1b7ac6.png,image/png,png,110884,eb82a08e53c86c8b5cc03b26794588d201388a8a7c14a23c323cb8347e1b7ac6,500,293,Single Layer Bodor Laser Nozzle,0,true
SINGLE-LAYER-BODOR-LASER-NOZZLE,a842e00bdb4c63cfe4341be4f4200c6eec9a087ffc2b485995e873440345e7b7.jpg,single-layer-bodor-laser-nozzle-1000x1000.jpg,products/a842e00bdb4c63cfe4341be4f4200c6eec9a087ffc2b485995e873440345e7b7.jpg,image/jpeg,jpg,49875,a842e00bdb4c63cfe4341be4f4200c6eec9a087ffc2b485995e873440345e7b7,1000,893,Single Layer Bodor Laser Nozzle,10,false
SINGLE-LAYER-BODOR-LASER-NOZZLE,d3f069ed758b03748719ba9b6611a45be3eb330cc9cf2e4c8d69554d26206afc.jpg,single-layer-bodor-laser-nozzle-1000x1000.jpg,products/d3f069ed758b03748719ba9b6611a45be3eb330cc9cf2e4c8d69554d26206afc.jpg,image/jpeg,jpg,56187,d3f069ed758b03748719ba9b6611a45be3eb330cc9cf2e4c8d69554d26206afc,1000,891,Single Layer Bodor Laser Nozzle,20,false
SINGLE-LAYER-BODOR-LASER-NOZZLE,ecefba2e2db39b5504e360579f3ffeae9359e0db47156e80d4a7b79c89d7334e.png,single-layer-bodor-laser-nozzle-1000x1000.png,products/ecefba2e2db39b5504e360579f3ffeae9359e0db47156e80d4a7b79c89d7334e.png,image/png,png,175142,ecefba2e2db39b5504e360579f3ffeae9359e0db47156e80d4a7b79c89d7334e,706,1000,Single Layer Bodor Laser Nozzle,30,false
PRECITEC-LASER-NOZZLE,9b094e437ea1a7e70930f02948e7a90a5a28324ea8d7373a353df7a27a43b397.jpeg,precitec-laser-nozzle-1000x1000.jpeg,products/9b094e437ea1a7e70930f02948e7a90a5a28324ea8d7373a353df7a27a43b397.jpeg,image/jpeg,jpeg,21755,9b094e437ea1a7e70930f02948e7a90a5a28324ea8d7373a353df7a27a43b397,1000,1000,Precitec Laser Nozzle,0,true
PRECITEC-LASER-NOZZLE,c5b574343619108cbafb0faee8c00a452d11f49b4dba9f5a24d6b98eb482f90e.jpg,precitec-laser-nozzle-1000x1000.jpg,products/c5b574343619108cbafb0faee8c00a452d11f49b4dba9f5a24d6b98eb482f90e.jpg,image/jpeg,jpg,56640,c5b574343619108cbafb0faee8c00a452d11f49b4dba9f5a24d6b98eb482f90e,1000,1000,Precitec Laser Nozzle,10,false
PRECITEC-LASER-NOZZLE,06f5545986df711466c94cdfebcf107764a5845f8380e72b709ce39bf9902ec7.jpg,precitec-laser-nozzle-1000x1000.jpg,products/06f5545986df711466c94cdfebcf107764a5845f8380e72b709ce39bf9902ec7.jpg,image/jpeg,jpg,41118,06f5545986df711466c94cdfebcf107764a5845f8380e72b709ce39bf9902ec7,997,997,Precitec Laser Nozzle,20,false
PRECITEC-LASER-NOZZLE,fc49fb8ccb24e3edc92c7733ef982842fc6161446638a1ba5276a6ba85af9cab.jpg,precitec-laser-nozzle-1000x1000.jpg,products/fc49fb8ccb24e3edc92c7733ef982842fc6161446638a1ba5276a6ba85af9cab.jpg,image/jpeg,jpg,61333,fc49fb8ccb24e3edc92c7733ef982842fc6161446638a1ba5276a6ba85af9cab,1000,1000,Precitec Laser Nozzle,30,false
PRECITEC-LASER-NOZZLE,5d02dd037762aefe04c6dbb9d4bdd2fff045866f0635e96a69abcefbb1d06941.png,precitec-laser-nozzle-1000x1000.png,products/5d02dd037762aefe04c6dbb9d4bdd2fff045866f0635e96a69abcefbb1d06941.png,image/png,png,142230,5d02dd037762aefe04c6dbb9d4bdd2fff045866f0635e96a69abcefbb1d06941,706,1000,Precitec Laser Nozzle,40,false
PRECITEC-LASER-NOZZLE-2,7ab4c28b61b4b077cb34db079bc82b7eb79255a99a87e938c174c76b86eacd21.jpg,precitec-nozzle-500x500.jpg,products/7ab4c28b61b4b077cb34db079bc82b7eb79255a99a87e938c174c76b86eacd21.jpg,image/jpeg,jpg,22623,7ab4c28b61b4b077cb34db079bc82b7eb79255a99a87e938c174c76b86eacd21,500,500,Precitec Laser Nozzle,0,true
PRECITEC-LASER-NOZZLE-2,2ef22425cb39b6855c276fd28ee9a1489a24185b995dde64eb64dddca8b23b7a.jpg,precitec-laser-nozzle-1000x1000.jpg,products/2ef22425cb39b6855c276fd28ee9a1489a24185b995dde64eb64dddca8b23b7a.jpg,image/jpeg,jpg,59374,2ef22425cb39b6855c276fd28ee9a1489a24185b995dde64eb64dddca8b23b7a,1000,1000,Precitec Laser Nozzle,10,false
PRECITEC-LASER-NOZZLE-2,268fba865616e09233fff00c40ed50f62bd9029b95471d800c2f57600ae602f8.jpg,precitec-laser-nozzle-1000x1000.jpg,products/268fba865616e09233fff00c40ed50f62bd9029b95471d800c2f57600ae602f8.jpg,image/jpeg,jpg,85675,268fba865616e09233fff00c40ed50f62bd9029b95471d800c2f57600ae602f8,986,1000,Precitec Laser Nozzle,20,false
CHROME-PLATED-LASER-NOZZLE,12d043eac41f5cf8d9d88ab7d1df7951d847a9bbf9ad5398b61a12e80b89629e.jpg,chrome-plated-laser-nozzle-500x500.jpg,products/12d043eac41f5cf8d9d88ab7d1df7951d847a9bbf9ad5398b61a12e80b89629e.jpg,image/jpeg,jpg,15278,12d043eac41f5cf8d9d88ab7d1df7951d847a9bbf9ad5398b61a12e80b89629e,500,500,Chrome Plated Laser Nozzle,0,true
CHROME-PLATED-LASER-NOZZLE,2eec45ce80c66c7663acc3ca49909bd02f279e8ca11afe1597271e08c2f6d0e2.jpg,chrome-plated-laser-nozzle-1000x1000.jpg,products/2eec45ce80c66c7663acc3ca49909bd02f279e8ca11afe1597271e08c2f6d0e2.jpg,image/jpeg,jpg,85689,2eec45ce80c66c7663acc3ca49909bd02f279e8ca11afe1597271e08c2f6d0e2,986,1000,Chrome Plated Laser Nozzle,10,false
CHROME-PLATED-LASER-NOZZLE,84886b41538cfc2afc0db96bb36b32041236d531af3a5bfb3508d4fb384b6054.jpg,chrome-plated-laser-nozzle-1000x1000.jpg,products/84886b41538cfc2afc0db96bb36b32041236d531af3a5bfb3508d4fb384b6054.jpg,image/jpeg,jpg,36874,84886b41538cfc2afc0db96bb36b32041236d531af3a5bfb3508d4fb384b6054,1000,1000,Chrome Plated Laser Nozzle,20,false
CHROME-PLATED-LASER-NOZZLE,64fe5a0e0c46acec11aa783b3c5f183a86f1aba6e0733a506a4b46599d09bd49.jpg,chrome-plated-laser-nozzle-1000x1000.jpg,products/64fe5a0e0c46acec11aa783b3c5f183a86f1aba6e0733a506a4b46599d09bd49.jpg,image/jpeg,jpg,40935,64fe5a0e0c46acec11aa783b3c5f183a86f1aba6e0733a506a4b46599d09bd49,1000,1000,Chrome Plated Laser Nozzle,30,false
PRECITEC-LASER-NOZZLE-3,64fe5a0e0c46acec11aa783b3c5f183a86f1aba6e0733a506a4b46599d09bd49.jpg,precitec-laser-nozzle-1000x1000.jpg,products/64fe5a0e0c46acec11aa783b3c5f183a86f1aba6e0733a506a4b46599d09bd49.jpg,image/jpeg,jpg,40935,64fe5a0e0c46acec11aa783b3c5f183a86f1aba6e0733a506a4b46599d09bd49,1000,1000,Precitec Laser Nozzle,0,true
PRECITEC-LASER-NOZZLE-3,7eee020af9d721473eac7aac35d5431c0da444d50198d717fa50e48b2bd37c30.png,precitec-laser-nozzle-500x500.png,products/7eee020af9d721473eac7aac35d5431c0da444d50198d717fa50e48b2bd37c30.png,image/png,png,132437,7eee020af9d721473eac7aac35d5431c0da444d50198d717fa50e48b2bd37c30,500,481,Precitec Laser Nozzle,10,false
PRECITEC-LASER-NOZZLE-3,2eec45ce80c66c7663acc3ca49909bd02f279e8ca11afe1597271e08c2f6d0e2.jpg,precitec-laser-nozzle-1000x1000.jpg,products/2eec45ce80c66c7663acc3ca49909bd02f279e8ca11afe1597271e08c2f6d0e2.jpg,image/jpeg,jpg,85689,2eec45ce80c66c7663acc3ca49909bd02f279e8ca11afe1597271e08c2f6d0e2,986,1000,Precitec Laser Nozzle,20,false
PRECITEC-LASER-NOZZLE-3,84886b41538cfc2afc0db96bb36b32041236d531af3a5bfb3508d4fb384b6054.jpg,precitec-laser-nozzle-1000x1000.jpg,products/84886b41538cfc2afc0db96bb36b32041236d531af3a5bfb3508d4fb384b6054.jpg,image/jpeg,jpg,36874,84886b41538cfc2afc0db96bb36b32041236d531af3a5bfb3508d4fb384b6054,1000,1000,Precitec Laser Nozzle,30,false
26MM-OSPIRI-LASER-NOZZLE,64fe5a0e0c46acec11aa783b3c5f183a86f1aba6e0733a506a4b46599d09bd49.jpg,26mm-ospiri-laser-nozzle-1000x1000.jpg,products/64fe5a0e0c46acec11aa783b3c5f183a86f1aba6e0733a506a4b46599d09bd49.jpg,image/jpeg,jpg,40935,64fe5a0e0c46acec11aa783b3c5f183a86f1aba6e0733a506a4b46599d09bd49,1000,1000,26mm Ospiri Laser Nozzle,0,true
26MM-OSPIRI-LASER-NOZZLE,cdc0c35272c70302ffba1faaa1048bde1dd262d6ad166f987e7cc45257be13b3.jpg,product-jpeg-500x500.jpg,products/cdc0c35272c70302ffba1faaa1048bde1dd262d6ad166f987e7cc45257be13b3.jpg,image/jpeg,jpg,21612,cdc0c35272c70302ffba1faaa1048bde1dd262d6ad166f987e7cc45257be13b3,497,500,26mm Ospiri Laser Nozzle,10,false
26MM-OSPIRI-LASER-NOZZLE,2eec45ce80c66c7663acc3ca49909bd02f279e8ca11afe1597271e08c2f6d0e2.jpg,26mm-ospiri-laser-nozzle-1000x1000.jpg,products/2eec45ce80c66c7663acc3ca49909bd02f279e8ca11afe1597271e08c2f6d0e2.jpg,image/jpeg,jpg,85689,2eec45ce80c66c7663acc3ca49909bd02f279e8ca11afe1597271e08c2f6d0e2,986,1000,26mm Ospiri Laser Nozzle,20,false
26MM-OSPIRI-LASER-NOZZLE,84886b41538cfc2afc0db96bb36b32041236d531af3a5bfb3508d4fb384b6054.jpg,26mm-ospiri-laser-nozzle-1000x1000.jpg,products/84886b41538cfc2afc0db96bb36b32041236d531af3a5bfb3508d4fb384b6054.jpg,image/jpeg,jpg,36874,84886b41538cfc2afc0db96bb36b32041236d531af3a5bfb3508d4fb384b6054,1000,1000,26mm Ospiri Laser Nozzle,30,false
LASER-CERAMIC-NOZZLE,78c382e4fee6f00167043ae8fbcf4df2b98a64ac46b9adaed949b2ed8f34c899.webp,laser-ceramic-nozzle-1000x1000.webp,products/78c382e4fee6f00167043ae8fbcf4df2b98a64ac46b9adaed949b2ed8f34c899.webp,image/webp,webp,71011,78c382e4fee6f00167043ae8fbcf4df2b98a64ac46b9adaed949b2ed8f34c899,1000,592,Laser Ceramic Nozzle,0,true
LASER-CERAMIC-NOZZLE,0fdb915aa6e0e428b0da5cd2729659bb83f5c5f2be93e0adc88775e8c1ba0fff.jpeg,new-product-500x500.jpeg,products/0fdb915aa6e0e428b0da5cd2729659bb83f5c5f2be93e0adc88775e8c1ba0fff.jpeg,image/jpeg,jpeg,13848,0fdb915aa6e0e428b0da5cd2729659bb83f5c5f2be93e0adc88775e8c1ba0fff,500,500,Laser Ceramic Nozzle,10,false
LASER-CERAMIC-NOZZLE,5e5df0f218552bce9b4bb4a14cab3e6744f73a4d9d97c1d44cdb6a6a1c5ffab0.webp,laser-ceramic-nozzle-1000x1000.webp,products/5e5df0f218552bce9b4bb4a14cab3e6744f73a4d9d97c1d44cdb6a6a1c5ffab0.webp,image/webp,webp,57305,5e5df0f218552bce9b4bb4a14cab3e6744f73a4d9d97c1d44cdb6a6a1c5ffab0,1000,1000,Laser Ceramic Nozzle,20,false
LASER-CERAMIC-NOZZLE,ad857a627742960a1738189945fedb1b17ff44453c1c7165ed57e67f4db953e8.jpg,precitec-laser-nozzle-1000x1000.jpg,products/ad857a627742960a1738189945fedb1b17ff44453c1c7165ed57e67f4db953e8.jpg,image/jpeg,jpg,26519,ad857a627742960a1738189945fedb1b17ff44453c1c7165ed57e67f4db953e8,1000,1000,Laser Ceramic Nozzle,30,false
FIBER-OPTIC-SENSOR-CABLE,6b9315eee200faa976b3bffd178cd0849773a94bd59e3cabca87c22ae2cdaf30.webp,fiber-optic-sensor-cable-1000x1000.webp,products/6b9315eee200faa976b3bffd178cd0849773a94bd59e3cabca87c22ae2cdaf30.webp,image/webp,webp,49603,6b9315eee200faa976b3bffd178cd0849773a94bd59e3cabca87c22ae2cdaf30,1000,840,Fiber Optic Sensor Cable,0,true
FIBER-OPTIC-SENSOR-CABLE,11df126c6b65567c2ae659d2adf269ec1b5431f5f29b1006b6076089e0e65dc2.jpeg,new-product-500x500.jpeg,products/11df126c6b65567c2ae659d2adf269ec1b5431f5f29b1006b6076089e0e65dc2.jpeg,image/jpeg,jpeg,18173,11df126c6b65567c2ae659d2adf269ec1b5431f5f29b1006b6076089e0e65dc2,436,500,Fiber Optic Sensor Cable,10,false
FIBER-OPTIC-SENSOR-CABLE,c15e83fce6388545ffe6ed1455301429a0392cd12afffc0b53a6c8dbb3d855c8.webp,fiber-optic-sensor-cable-1000x1000.webp,products/c15e83fce6388545ffe6ed1455301429a0392cd12afffc0b53a6c8dbb3d855c8.webp,image/webp,webp,30308,c15e83fce6388545ffe6ed1455301429a0392cd12afffc0b53a6c8dbb3d855c8,1000,540,Fiber Optic Sensor Cable,20,false
FIBER-OPTIC-SENSOR-CABLE,e2689541ffd1b9f7f1e54906cf1d666fc199e5ac609106f44fbc0929b86eccb8.webp,fiber-optic-sensor-cable-1000x1000.webp,products/e2689541ffd1b9f7f1e54906cf1d666fc199e5ac609106f44fbc0929b86eccb8.webp,image/webp,webp,62155,e2689541ffd1b9f7f1e54906cf1d666fc199e5ac609106f44fbc0929b86eccb8,1000,1000,Fiber Optic Sensor Cable,30,false
FIBER-LASER-CUTTING-MACHINE-NOZZLE,2eec45ce80c66c7663acc3ca49909bd02f279e8ca11afe1597271e08c2f6d0e2.jpg,fiber-laser-cutting-machine-nozzle-1000x1000.jpg,products/2eec45ce80c66c7663acc3ca49909bd02f279e8ca11afe1597271e08c2f6d0e2.jpg,image/jpeg,jpg,85689,2eec45ce80c66c7663acc3ca49909bd02f279e8ca11afe1597271e08c2f6d0e2,986,1000,Fiber Laser Cutting Machine Nozzle,0,true
FIBER-LASER-CUTTING-MACHINE-NOZZLE,b341e4504fcdc6a6b50e840dc1e4d1b5715afa3a18ff4d1f27490c4a4bc447c6.jpeg,new-product-500x500.jpeg,products/b341e4504fcdc6a6b50e840dc1e4d1b5715afa3a18ff4d1f27490c4a4bc447c6.jpeg,image/jpeg,jpeg,15318,b341e4504fcdc6a6b50e840dc1e4d1b5715afa3a18ff4d1f27490c4a4bc447c6,500,500,Fiber Laser Cutting Machine Nozzle,10,false
FIBER-LASER-CUTTING-MACHINE-NOZZLE,84886b41538cfc2afc0db96bb36b32041236d531af3a5bfb3508d4fb384b6054.jpg,fiber-laser-cutting-machine-nozzle-1000x1000.jpg,products/84886b41538cfc2afc0db96bb36b32041236d531af3a5bfb3508d4fb384b6054.jpg,image/jpeg,jpg,36874,84886b41538cfc2afc0db96bb36b32041236d531af3a5bfb3508d4fb384b6054,1000,1000,Fiber Laser Cutting Machine Nozzle,20,false
FIBER-LASER-CUTTING-MACHINE-NOZZLE,64fe5a0e0c46acec11aa783b3c5f183a86f1aba6e0733a506a4b46599d09bd49.jpg,fiber-laser-cutting-machine-nozzle-1000x1000.jpg,products/64fe5a0e0c46acec11aa783b3c5f183a86f1aba6e0733a506a4b46599d09bd49.jpg,image/jpeg,jpg,40935,64fe5a0e0c46acec11aa783b3c5f183a86f1aba6e0733a506a4b46599d09bd49,1000,1000,Fiber Laser Cutting Machine Nozzle,30,false
DOUBLE-LAYERS-RAYTOOLS-LASER-NOZZLE-2,fe288c63919ab0d73e821e06b7f3f2f2816566c6b0470af5acc4b201582d2f8a.jpeg,new-product-500x500.jpeg,products/fe288c63919ab0d73e821e06b7f3f2f2816566c6b0470af5acc4b201582d2f8a.jpeg,image/jpeg,jpeg,24313,fe288c63919ab0d73e821e06b7f3f2f2816566c6b0470af5acc4b201582d2f8a,296,500,Double Layers Raytools Laser Nozzle,0,true
DOUBLE-LAYERS-RAYTOOLS-LASER-NOZZLE-2,2eec45ce80c66c7663acc3ca49909bd02f279e8ca11afe1597271e08c2f6d0e2.jpg,double-layers-raytools-laser-nozzle-1000x1000.jpg,products/2eec45ce80c66c7663acc3ca49909bd02f279e8ca11afe1597271e08c2f6d0e2.jpg,image/jpeg,jpg,85689,2eec45ce80c66c7663acc3ca49909bd02f279e8ca11afe1597271e08c2f6d0e2,986,1000,Double Layers Raytools Laser Nozzle,10,false
DOUBLE-LAYERS-RAYTOOLS-LASER-NOZZLE-2,84886b41538cfc2afc0db96bb36b32041236d531af3a5bfb3508d4fb384b6054.jpg,double-layers-raytools-laser-nozzle-1000x1000.jpg,products/84886b41538cfc2afc0db96bb36b32041236d531af3a5bfb3508d4fb384b6054.jpg,image/jpeg,jpg,36874,84886b41538cfc2afc0db96bb36b32041236d531af3a5bfb3508d4fb384b6054,1000,1000,Double Layers Raytools Laser Nozzle,20,false
DOUBLE-LAYERS-RAYTOOLS-LASER-NOZZLE-2,64fe5a0e0c46acec11aa783b3c5f183a86f1aba6e0733a506a4b46599d09bd49.jpg,double-layers-raytools-laser-nozzle-1000x1000.jpg,products/64fe5a0e0c46acec11aa783b3c5f183a86f1aba6e0733a506a4b46599d09bd49.jpg,image/jpeg,jpg,40935,64fe5a0e0c46acec11aa783b3c5f183a86f1aba6e0733a506a4b46599d09bd49,1000,1000,Double Layers Raytools Laser Nozzle,30,false
LASER-WELDING-NOZZLE,40cb73c82d1c4141d25747fab3234042fc7c47e344483586901482dbe00bd4eb.jpg,hypertherm-plasma-cutting-consumables-1000x1000.jpg,products/40cb73c82d1c4141d25747fab3234042fc7c47e344483586901482dbe00bd4eb.jpg,image/jpeg,jpg,63824,40cb73c82d1c4141d25747fab3234042fc7c47e344483586901482dbe00bd4eb,1000,1000,Laser Welding Nozzle,0,true
LASER-WELDING-NOZZLE,cb158d4f2658cf4c5bde95a37d03c80635e06bd9dd62e7e5b563016ac860b07a.png,laser-welding-machine-nozzle-1000x1000.png,products/cb158d4f2658cf4c5bde95a37d03c80635e06bd9dd62e7e5b563016ac860b07a.png,image/png,png,308844,cb158d4f2658cf4c5bde95a37d03c80635e06bd9dd62e7e5b563016ac860b07a,604,600,Laser Welding Nozzle,10,false
LASER-WELDING-NOZZLE,fe8f936c60faa9719572acf285f8caa8f496e185906a89fd215890ad4222ad90.webp,dne-air-outlet-ring-i-3502-1000x1000.webp,products/fe8f936c60faa9719572acf285f8caa8f496e185906a89fd215890ad4222ad90.webp,image/webp,webp,50753,fe8f936c60faa9719572acf285f8caa8f496e185906a89fd215890ad4222ad90,788,1000,Laser Welding Nozzle,20,false
LASER-WELDING-NOZZLE,29a6ea173ce8b54c85b0962ff46927503f83d35cfcdded172e3d03d713666216.jpeg,fiber-laser-high-speed-nozzle-1000x1000.jpeg,products/29a6ea173ce8b54c85b0962ff46927503f83d35cfcdded172e3d03d713666216.jpeg,image/jpeg,jpeg,58715,29a6ea173ce8b54c85b0962ff46927503f83d35cfcdded172e3d03d713666216,1000,769,Laser Welding Nozzle,30,false
LASER-WELDING-NOZZLE,34268d32d479810243f025904d784a1ded19d46ab86536a0aa4cbd3494120306.jpeg,fiber-laser-high-speed-nozzle-1000x1000.jpeg,products/34268d32d479810243f025904d784a1ded19d46ab86536a0aa4cbd3494120306.jpeg,image/jpeg,jpeg,52400,34268d32d479810243f025904d784a1ded19d46ab86536a0aa4cbd3494120306,810,992,Laser Welding Nozzle,40,false
LASER-WELDING-NOZZLE,7c11da017b6c5b86914723d48c09005593c5b5c9dc57f6a66f9f700e8b65545f.jpg,ebc-x20-nozzle-2-6-mm-nozzle-trumpf-2085524-1000x1000.jpg,products/7c11da017b6c5b86914723d48c09005593c5b5c9dc57f6a66f9f700e8b65545f.jpg,image/jpeg,jpg,27084,7c11da017b6c5b86914723d48c09005593c5b5c9dc57f6a66f9f700e8b65545f,1000,837,Laser Welding Nozzle,50,false
LASER-WELDING-NOZZLE,83f8a8a8d44922b45d78703f796ab89eb2c0ba0ff3d74b9098c6645e1994ac1a.jpg,ceramic-part-replaces-0936678-2509767-1000x1000.jpg,products/83f8a8a8d44922b45d78703f796ab89eb2c0ba0ff3d74b9098c6645e1994ac1a.jpg,image/jpeg,jpg,33975,83f8a8a8d44922b45d78703f796ab89eb2c0ba0ff3d74b9098c6645e1994ac1a,1000,1000,Laser Welding Nozzle,60,false
LASER-WELDING-NOZZLE,f9c2dce7c3ee5f26c581dbceec0a280ee439abb7bc7a833588f03dc28fe2058a.png,bodor-d32-double-layer-nozzle-1000x1000.png,products/f9c2dce7c3ee5f26c581dbceec0a280ee439abb7bc7a833588f03dc28fe2058a.png,image/png,png,430056,f9c2dce7c3ee5f26c581dbceec0a280ee439abb7bc7a833588f03dc28fe2058a,1000,893,Laser Welding Nozzle,70,false
RAYTOOL-LASER-CUTTING-NOZZLE,f23d0880f11b6bfbfa41a8213c2af42df865f72cdd3fa868750822a82efda84b.jpg,raytool-laser-cutting-nozzle-1000x1000.jpg,products/f23d0880f11b6bfbfa41a8213c2af42df865f72cdd3fa868750822a82efda84b.jpg,image/jpeg,jpg,35834,f23d0880f11b6bfbfa41a8213c2af42df865f72cdd3fa868750822a82efda84b,1000,1000,Raytool Laser Cutting Nozzle,0,true
RAYTOOL-LASER-CUTTING-NOZZLE,207e464bb82e6c67b15407c331e916bccfad3ebd81d7b3d55dc1e3ac16daeaae.jpg,raytool-laser-cutting-nozzle-1000x1000.jpg,products/207e464bb82e6c67b15407c331e916bccfad3ebd81d7b3d55dc1e3ac16daeaae.jpg,image/jpeg,jpg,40504,207e464bb82e6c67b15407c331e916bccfad3ebd81d7b3d55dc1e3ac16daeaae,1000,1000,Raytool Laser Cutting Nozzle,10,false
RAYTOOL-LASER-CUTTING-NOZZLE,20d1067bc027f65d1a425ead1d31d628a8b8677671c5d1b676cd77919d15c21c.jpg,raytool-laser-cutting-nozzle-1000x1000.jpg,products/20d1067bc027f65d1a425ead1d31d628a8b8677671c5d1b676cd77919d15c21c.jpg,image/jpeg,jpg,27231,20d1067bc027f65d1a425ead1d31d628a8b8677671c5d1b676cd77919d15c21c,1000,825,Raytool Laser Cutting Nozzle,20,false
RAYTOOL-LASER-CUTTING-NOZZLE,c2268ca177cbdea820c7f982a5f12506cac7d5f16be57c583bd83c5fefe09a8e.jpg,raytool-laser-cutting-nozzle-1000x1000.jpg,products/c2268ca177cbdea820c7f982a5f12506cac7d5f16be57c583bd83c5fefe09a8e.jpg,image/jpeg,jpg,14373,c2268ca177cbdea820c7f982a5f12506cac7d5f16be57c583bd83c5fefe09a8e,706,1000,Raytool Laser Cutting Nozzle,30,false
RAYTOOL-LASER-CUTTING-NOZZLE,fb36b82d733938e97736355d19b89a30253a604ab9ac471b6e61dd511cf8c799.jpg,raytool-laser-cutting-nozzle-1000x1000.jpg,products/fb36b82d733938e97736355d19b89a30253a604ab9ac471b6e61dd511cf8c799.jpg,image/jpeg,jpg,32477,fb36b82d733938e97736355d19b89a30253a604ab9ac471b6e61dd511cf8c799,1000,889,Raytool Laser Cutting Nozzle,40,false
RAYTOOL-LASER-CUTTING-NOZZLE,ec0015c348076e68c12687d11e451ee49766066c36fb21dfd1dd2edb1ca1ff01.jpg,raytool-laser-cutting-nozzle-1000x1000.jpg,products/ec0015c348076e68c12687d11e451ee49766066c36fb21dfd1dd2edb1ca1ff01.jpg,image/jpeg,jpg,40750,ec0015c348076e68c12687d11e451ee49766066c36fb21dfd1dd2edb1ca1ff01,1000,1000,Raytool Laser Cutting Nozzle,50,false
RAYTOOLS-SENSOR-HEAD-TRA-NOZZLE-ASSEMBLY,aed2091af5bde6a38f580d6e86ac726577195719a9768e0dda46b27cb5d1b5b0.jpeg,raytools-sensor-head-tra-nozzle-assembly-1000x1000.jpeg,products/aed2091af5bde6a38f580d6e86ac726577195719a9768e0dda46b27cb5d1b5b0.jpeg,image/jpeg,jpeg,65242,aed2091af5bde6a38f580d6e86ac726577195719a9768e0dda46b27cb5d1b5b0,977,1000,RayTools Sensor Head TRA Nozzle Assembly,0,true
RAYTOOLS-SENSOR-HEAD-TRA-NOZZLE-ASSEMBLY,80507261154d6380bd95dc5595f3a8f8e21416c1678715dbee3a9ab903dcdc99.jpeg,raytools-bm110-cutting-head-1000x1000.jpeg,products/80507261154d6380bd95dc5595f3a8f8e21416c1678715dbee3a9ab903dcdc99.jpeg,image/jpeg,jpeg,73917,80507261154d6380bd95dc5595f3a8f8e21416c1678715dbee3a9ab903dcdc99,1000,1000,RayTools Sensor Head TRA Nozzle Assembly,10,false
RAYTOOLS-SENSOR-HEAD-TRA-NOZZLE-ASSEMBLY,ceb1a6694f3a15b54f9cae63e4a5421e904a06a1ae9f8e4dfdf6db24a2c16a0d.jpeg,raytools-sensor-head-tra-nozzle-assembly-1000x1000.jpeg,products/ceb1a6694f3a15b54f9cae63e4a5421e904a06a1ae9f8e4dfdf6db24a2c16a0d.jpeg,image/jpeg,jpeg,43297,ceb1a6694f3a15b54f9cae63e4a5421e904a06a1ae9f8e4dfdf6db24a2c16a0d,977,1000,RayTools Sensor Head TRA Nozzle Assembly,20,false
BULLET-NOZZLE-CONNECTOR-I-M14,5bca8f7fc396cc5a5b2cd3c0e483e2cf4bd3c2d9c88885f349fb7e3b3d4de1f0.jpg,bullet-nozzle-connector-i-m14-1000x1000.jpg,products/5bca8f7fc396cc5a5b2cd3c0e483e2cf4bd3c2d9c88885f349fb7e3b3d4de1f0.jpg,image/jpeg,jpg,67297,5bca8f7fc396cc5a5b2cd3c0e483e2cf4bd3c2d9c88885f349fb7e3b3d4de1f0,1000,1000,Bullet Nozzle Connector I M14,0,true
BULLET-NOZZLE-CONNECTOR-I-M14,a83c837866009dc60e48ed0dc509c7b73c582fafb669c27310c0df94f611d117.jpg,bullet-nozzle-connector-i-m14-1000x1000.jpg,products/a83c837866009dc60e48ed0dc509c7b73c582fafb669c27310c0df94f611d117.jpg,image/jpeg,jpg,44299,a83c837866009dc60e48ed0dc509c7b73c582fafb669c27310c0df94f611d117,1000,1000,Bullet Nozzle Connector I M14,10,false
BULLET-NOZZLE-CONNECTOR-I-M14,547aaf9f689bbd210c20efaf568b562e963a8f6291fa050fe35ac085df4b8195.webp,bullet-nozzle-connector-i-m14-1000x1000.webp,products/547aaf9f689bbd210c20efaf568b562e963a8f6291fa050fe35ac085df4b8195.webp,image/webp,webp,60880,547aaf9f689bbd210c20efaf568b562e963a8f6291fa050fe35ac085df4b8195,775,1000,Bullet Nozzle Connector I M14,20,false
FIBER-LASER-HIGH-SPEED-NOZZLE,f7453a966185f55d3b7488b9e27a182990e75acc7ceef2b82d2fad8716dc3a9f.jpeg,product-jpeg-500x500.jpeg,products/f7453a966185f55d3b7488b9e27a182990e75acc7ceef2b82d2fad8716dc3a9f.jpeg,image/jpeg,jpeg,24392,f7453a966185f55d3b7488b9e27a182990e75acc7ceef2b82d2fad8716dc3a9f,500,384,Fiber Laser High Speed Nozzle,0,true
FIBER-LASER-HIGH-SPEED-NOZZLE,4469e0f2347a42736eb3fac9b4d86000d40dd8285b99e7f2b30c27c668db2155.jpeg,fiber-laser-high-speed-nozzle-1000x1000.jpeg,products/4469e0f2347a42736eb3fac9b4d86000d40dd8285b99e7f2b30c27c668db2155.jpeg,image/jpeg,jpeg,44060,4469e0f2347a42736eb3fac9b4d86000d40dd8285b99e7f2b30c27c668db2155,1000,969,Fiber Laser High Speed Nozzle,10,false
FIBER-LASER-HIGH-SPEED-NOZZLE,41b7571e79811b1ece29c2202d5b27a8c617caa4e4bed2ad5b91a9330efd4bc9.png,raytool-cutting-nozzle-dia-32-1000x1000.png,products/41b7571e79811b1ece29c2202d5b27a8c617caa4e4bed2ad5b91a9330efd4bc9.png,image/png,png,218952,41b7571e79811b1ece29c2202d5b27a8c617caa4e4bed2ad5b91a9330efd4bc9,1000,740,Fiber Laser High Speed Nozzle,20,false
FIBER-LASER-HIGH-SPEED-NOZZLE,ea5b8e8f353de03b6d3c0a8f7d0b76921503fa5817a63759165bedbdf49bf088.jpeg,new-product-1000x1000.jpeg,products/ea5b8e8f353de03b6d3c0a8f7d0b76921503fa5817a63759165bedbdf49bf088.jpeg,image/jpeg,jpeg,34804,ea5b8e8f353de03b6d3c0a8f7d0b76921503fa5817a63759165bedbdf49bf088,720,720,Fiber Laser High Speed Nozzle,30,false
FIBER-LASER-HIGH-SPEED-NOZZLE,6d8e36a7d1580f4b4048cfb35eae2163c2afc492efd96822c654430beb425798.jpeg,new-product-1000x1000.jpeg,products/6d8e36a7d1580f4b4048cfb35eae2163c2afc492efd96822c654430beb425798.jpeg,image/jpeg,jpeg,35094,6d8e36a7d1580f4b4048cfb35eae2163c2afc492efd96822c654430beb425798,720,720,Fiber Laser High Speed Nozzle,40,false
DNE-SMALL-NOZZLE,4d787a5206e41b542064b6815a38cca26accb42e43700417ed068f9028984199.jpeg,product-jpeg-500x500.jpeg,products/4d787a5206e41b542064b6815a38cca26accb42e43700417ed068f9028984199.jpeg,image/jpeg,jpeg,21548,4d787a5206e41b542064b6815a38cca26accb42e43700417ed068f9028984199,500,374,Dne Small Nozzle,0,true
DNE-SMALL-NOZZLE,4afc2c68c8c4332fc4178fd33adcd889e23b6d42e8ef8d4b456bf7effaace226.jpg,dne-small-nozzle-1000x1000.jpg,products/4afc2c68c8c4332fc4178fd33adcd889e23b6d42e8ef8d4b456bf7effaace226.jpg,image/jpeg,jpg,43058,4afc2c68c8c4332fc4178fd33adcd889e23b6d42e8ef8d4b456bf7effaace226,1000,872,Dne Small Nozzle,10,false
DNE-SMALL-NOZZLE,ac63c3b35b62a4081f7f35f6a4a3986c216374fabb5d88c61e511a8b5998bc68.jpg,dne-small-nozzle-1000x1000.jpg,products/ac63c3b35b62a4081f7f35f6a4a3986c216374fabb5d88c61e511a8b5998bc68.jpg,image/jpeg,jpg,61163,ac63c3b35b62a4081f7f35f6a4a3986c216374fabb5d88c61e511a8b5998bc68,1000,1000,Dne Small Nozzle,20,false
WSX-PRECITEC-NOZZLE-DIA-28,e442e2f3ffa5649fc27766bc74e7f21fbf9b8a2334c7c73cb0bf74a08282cb33.jpeg,product-jpeg-500x500.jpeg,products/e442e2f3ffa5649fc27766bc74e7f21fbf9b8a2334c7c73cb0bf74a08282cb33.jpeg,image/jpeg,jpeg,24650,e442e2f3ffa5649fc27766bc74e7f21fbf9b8a2334c7c73cb0bf74a08282cb33,500,384,Wsx / Precitec Nozzle Dia-28,0,true
WSX-PRECITEC-NOZZLE-DIA-28,a7580cf138c88e472550ac72b0d9edff84c83b7776c96fdcd3b98474b5dc2f04.png,raytool-cutting-nozzle-dia-32-1000x1000.png,products/a7580cf138c88e472550ac72b0d9edff84c83b7776c96fdcd3b98474b5dc2f04.png,image/png,png,218882,a7580cf138c88e472550ac72b0d9edff84c83b7776c96fdcd3b98474b5dc2f04,1000,764,Wsx / Precitec Nozzle Dia-28,10,false
WSX-PRECITEC-NOZZLE-DIA-28,1237a4d8aae9eb7f80a34513b21350028717b8946e5dc2ca5d69640a2e063552.jpeg,raytool-cutting-nozzle-dia-32-1000x1000.jpeg,products/1237a4d8aae9eb7f80a34513b21350028717b8946e5dc2ca5d69640a2e063552.jpeg,image/jpeg,jpeg,26631,1237a4d8aae9eb7f80a34513b21350028717b8946e5dc2ca5d69640a2e063552,1000,764,Wsx / Precitec Nozzle Dia-28,20,false
WSX-PRECITEC-NOZZLE-DIA-28,94f523b505b2cc0c6ca075992387b643a036227b5db6e2d018c0e4e9aceb2ad9.jpeg,raytool-cutting-nozzle-dia-32-1000x1000.jpeg,products/94f523b505b2cc0c6ca075992387b643a036227b5db6e2d018c0e4e9aceb2ad9.jpeg,image/jpeg,jpeg,51372,94f523b505b2cc0c6ca075992387b643a036227b5db6e2d018c0e4e9aceb2ad9,1000,764,Wsx / Precitec Nozzle Dia-28,30,false
RAYTOOL-CUTTING-NOZZLE-DIA-32,0e16a54ea44c284a8beebbec44328ee486a5cb3dcc63252a4b32625f61820147.jpeg,product-jpeg-500x500.jpeg,products/0e16a54ea44c284a8beebbec44328ee486a5cb3dcc63252a4b32625f61820147.jpeg,image/jpeg,jpeg,24771,0e16a54ea44c284a8beebbec44328ee486a5cb3dcc63252a4b32625f61820147,500,382,Raytool Cutting Nozzle Dia-32,0,true
RAYTOOL-CUTTING-NOZZLE-DIA-32,94f523b505b2cc0c6ca075992387b643a036227b5db6e2d018c0e4e9aceb2ad9.jpeg,raytool-cutting-nozzle-dia-32-1000x1000.jpeg,products/94f523b505b2cc0c6ca075992387b643a036227b5db6e2d018c0e4e9aceb2ad9.jpeg,image/jpeg,jpeg,51372,94f523b505b2cc0c6ca075992387b643a036227b5db6e2d018c0e4e9aceb2ad9,1000,764,Raytool Cutting Nozzle Dia-32,10,false
RAYTOOL-CUTTING-NOZZLE-DIA-32,1c06dcf8c9488b6663c2bfd5dfdbccbc9e5800e0e43ddc55dc8c946251e83b71.png,raytool-cutting-nozzle-dia-32-1000x1000.png,products/1c06dcf8c9488b6663c2bfd5dfdbccbc9e5800e0e43ddc55dc8c946251e83b71.png,image/png,png,213552,1c06dcf8c9488b6663c2bfd5dfdbccbc9e5800e0e43ddc55dc8c946251e83b71,1000,440,Raytool Cutting Nozzle Dia-32,20,false
D28-FAST-SINGLE-LAYER-NOZZLE,6d545beb16d4249b31c56a82c537ddd5d1a750ac80ebeb2adbcbc4252dd26aba.jpg,d28-fast-single-layer-nozzle-1000x1000.jpg,products/6d545beb16d4249b31c56a82c537ddd5d1a750ac80ebeb2adbcbc4252dd26aba.jpg,image/jpeg,jpg,91402,6d545beb16d4249b31c56a82c537ddd5d1a750ac80ebeb2adbcbc4252dd26aba,1000,1000,D28 Fast Single Layer Nozzle,0,true
D28-FAST-SINGLE-LAYER-NOZZLE,e629f9fd93b744bc5444fc581b23670d85d207bd9bb12d1def8fecc1d3689972.jpg,d28-fast-single-layer-nozzle-1000x1000.jpg,products/e629f9fd93b744bc5444fc581b23670d85d207bd9bb12d1def8fecc1d3689972.jpg,image/jpeg,jpg,127108,e629f9fd93b744bc5444fc581b23670d85d207bd9bb12d1def8fecc1d3689972,768,768,D28 Fast Single Layer Nozzle,10,false
D28-FAST-SINGLE-LAYER-NOZZLE,2eec45ce80c66c7663acc3ca49909bd02f279e8ca11afe1597271e08c2f6d0e2.jpg,d28-fast-single-layer-nozzle-1000x1000.jpg,products/2eec45ce80c66c7663acc3ca49909bd02f279e8ca11afe1597271e08c2f6d0e2.jpg,image/jpeg,jpg,85689,2eec45ce80c66c7663acc3ca49909bd02f279e8ca11afe1597271e08c2f6d0e2,986,1000,D28 Fast Single Layer Nozzle,20,false
RAYTOOLS-NOZZLE-HOLDER,81ddb96d53c656e0202e83aacf537937673cb09a26f1d16803e967a06c200bb0.png,raytools-nozzle-holder-500x500.png,products/81ddb96d53c656e0202e83aacf537937673cb09a26f1d16803e967a06c200bb0.png,image/png,png,144519,81ddb96d53c656e0202e83aacf537937673cb09a26f1d16803e967a06c200bb0,500,432,Raytools Nozzle Holder,0,true
RAYTOOLS-NOZZLE-HOLDER,d841f7b8de0cd216714da026d648f12577df97cb1b75d33a96a7cc5b3a0c2c00.png,raytools-nozzle-holder-1000x1000.png,products/d841f7b8de0cd216714da026d648f12577df97cb1b75d33a96a7cc5b3a0c2c00.png,image/png,png,596337,d841f7b8de0cd216714da026d648f12577df97cb1b75d33a96a7cc5b3a0c2c00,1000,1000,Raytools Nozzle Holder,10,false
RAYTOOLS-NOZZLE-HOLDER,951a3dd929889a8935dc5059f88106f1506be47ee332f250d6545686cc3a86db.png,raytools-nozzle-holder-1000x1000.png,products/951a3dd929889a8935dc5059f88106f1506be47ee332f250d6545686cc3a86db.png,image/png,png,589387,951a3dd929889a8935dc5059f88106f1506be47ee332f250d6545686cc3a86db,1000,1000,Raytools Nozzle Holder,20,false
LASER-SAFETY-GOGGLES,bd069a525dd081e0fb700fc0e99dc9498511e47505558fe4479bd58a1053e5bb.jpg,laser-safety-goggles-1000x1000.jpg,products/bd069a525dd081e0fb700fc0e99dc9498511e47505558fe4479bd58a1053e5bb.jpg,image/jpeg,jpg,95091,bd069a525dd081e0fb700fc0e99dc9498511e47505558fe4479bd58a1053e5bb,1000,1000,Laser Safety Goggles,0,true
LASER-SAFETY-GOGGLES,251ecc9af9cd1bfa104681c36fa5382defd6a8764ca58714d22c1d33682ee9c1.jpeg,new-product-500x500.jpeg,products/251ecc9af9cd1bfa104681c36fa5382defd6a8764ca58714d22c1d33682ee9c1.jpeg,image/jpeg,jpeg,20821,251ecc9af9cd1bfa104681c36fa5382defd6a8764ca58714d22c1d33682ee9c1,406,500,Laser Safety Goggles,10,false
LASER-SAFETY-GOGGLES,c8e6ce76faf3e1fb57a80c48572a3bbdf9f6859a091eca2f958939def255b55d.jpg,laser-safety-goggles-1000x1000.jpg,products/c8e6ce76faf3e1fb57a80c48572a3bbdf9f6859a091eca2f958939def255b55d.jpg,image/jpeg,jpg,28912,c8e6ce76faf3e1fb57a80c48572a3bbdf9f6859a091eca2f958939def255b55d,1000,426,Laser Safety Goggles,20,false
LASER-SAFETY-GOGGLES,6448d27a223f45d99ff5af3a9bc59326b0675c5782034d53d8db39013222ff47.jpg,laser-safety-goggles-1000x1000.jpg,products/6448d27a223f45d99ff5af3a9bc59326b0675c5782034d53d8db39013222ff47.jpg,image/jpeg,jpg,102781,6448d27a223f45d99ff5af3a9bc59326b0675c5782034d53d8db39013222ff47,1000,1000,Laser Safety Goggles,30,false
IPA-SPRAY-FOR-LASER-CUTTING-MACHINE,286b271fd0f557e97d80f7a9f8fd64cbcfe4332dc92599bdd047a10e53190e1a.jpg,ipa-spray-for-laser-cutting-machine-1000x1000.jpg,products/286b271fd0f557e97d80f7a9f8fd64cbcfe4332dc92599bdd047a10e53190e1a.jpg,image/jpeg,jpg,139668,286b271fd0f557e97d80f7a9f8fd64cbcfe4332dc92599bdd047a10e53190e1a,1000,750,IPA Spray For Laser Cutting Machine,0,true
IPA-SPRAY-FOR-LASER-CUTTING-MACHINE,98a1c4b8af1bc4abba63b7d7294266eb80920719eed3f83d62a1a45bfb7395ce.png,ipa-spray-for-laser-cutting-machine-1000x1000.png,products/98a1c4b8af1bc4abba63b7d7294266eb80920719eed3f83d62a1a45bfb7395ce.png,image/png,png,362706,98a1c4b8af1bc4abba63b7d7294266eb80920719eed3f83d62a1a45bfb7395ce,744,811,IPA Spray For Laser Cutting Machine,10,false
IPA-SPRAY-FOR-LASER-CUTTING-MACHINE,b257ced03c5be3e9f7e8fe6e3e3977c9f539a90629686de50e50f1e5d8f435ef.jpg,ipa-spray-for-laser-cutting-machine-1000x1000.jpg,products/b257ced03c5be3e9f7e8fe6e3e3977c9f539a90629686de50e50f1e5d8f435ef.jpg,image/jpeg,jpg,19558,b257ced03c5be3e9f7e8fe6e3e3977c9f539a90629686de50e50f1e5d8f435ef,707,801,IPA Spray For Laser Cutting Machine,20,false
IPA-SPRAY-FOR-LASER-CUTTING-MACHINE,e7a5bdfbbe3071b32af4e8720d31fe8e4841f46789794a90b6108b4a76af6fad.jpg,kontact-ipa-spray-for-lens-cleaning-1000x1000.jpg,products/e7a5bdfbbe3071b32af4e8720d31fe8e4841f46789794a90b6108b4a76af6fad.jpg,image/jpeg,jpg,39661,e7a5bdfbbe3071b32af4e8720d31fe8e4841f46789794a90b6108b4a76af6fad,513,1000,IPA Spray For Laser Cutting Machine,30,false
IPA-SPRAY-FOR-LASER-CUTTING-MACHINE,672ada62bed6fa694675a334217aa19d7e16446c013820d183e9de86052f0d69.jpg,kontact-ipa-spray-for-lens-cleaning-1000x1000.jpg,products/672ada62bed6fa694675a334217aa19d7e16446c013820d183e9de86052f0d69.jpg,image/jpeg,jpg,41077,672ada62bed6fa694675a334217aa19d7e16446c013820d183e9de86052f0d69,1000,655,IPA Spray For Laser Cutting Machine,40,false
PROPANOL-LENS-CLEANER,eb3429da8bed0a503efd5c991a1619bb1cdfee557b5f935be4e6c5202a6c0720.jpg,propanol-lens-cleaner-1000x1000.jpg,products/eb3429da8bed0a503efd5c991a1619bb1cdfee557b5f935be4e6c5202a6c0720.jpg,image/jpeg,jpg,44064,eb3429da8bed0a503efd5c991a1619bb1cdfee557b5f935be4e6c5202a6c0720,1000,1000,Propanol Lens Cleaner,0,true
PROPANOL-LENS-CLEANER,d8a68a2fed0f9b2c26d2fd6b077e5c256f890edd56af33a00e397250a004c91f.png,propanol-lens-cleaner-1000x1000.png,products/d8a68a2fed0f9b2c26d2fd6b077e5c256f890edd56af33a00e397250a004c91f.png,image/png,png,213931,d8a68a2fed0f9b2c26d2fd6b077e5c256f890edd56af33a00e397250a004c91f,599,706,Propanol Lens Cleaner,10,false
PROPANOL-LENS-CLEANER,92f8a5738ada65bc24b8c79e16cb44728f2db9e757330977cc15cb65955c7b1f.jpg,propanol-lens-cleaner-1000x1000.jpg,products/92f8a5738ada65bc24b8c79e16cb44728f2db9e757330977cc15cb65955c7b1f.jpg,image/jpeg,jpg,85135,92f8a5738ada65bc24b8c79e16cb44728f2db9e757330977cc15cb65955c7b1f,563,1000,Propanol Lens Cleaner,20,false
PROPANOL-LENS-CLEANER,77dd55e7194ecba70b65f57f7b5eeec2efe5c4900e7d49cb6729a4fca99b6775.jpg,propanol-lens-cleaner-1000x1000.jpg,products/77dd55e7194ecba70b65f57f7b5eeec2efe5c4900e7d49cb6729a4fca99b6775.jpg,image/jpeg,jpg,40636,77dd55e7194ecba70b65f57f7b5eeec2efe5c4900e7d49cb6729a4fca99b6775,421,1000,Propanol Lens Cleaner,30,false
TIFFIN-LENS-CLEANING-PAPER,f7e840b5b863c78ac214ff8d9a251c24bbc2e64635ec912e2d626cd9d6159b88.jpg,tiffin-lens-cleaning-paper-1000x1000.jpg,products/f7e840b5b863c78ac214ff8d9a251c24bbc2e64635ec912e2d626cd9d6159b88.jpg,image/jpeg,jpg,36418,f7e840b5b863c78ac214ff8d9a251c24bbc2e64635ec912e2d626cd9d6159b88,1000,1000,Tiffin Lens Cleaning Paper,0,true
TIFFIN-LENS-CLEANING-PAPER,fe255fcfe50f4aaee8ee64dbb06b9a55ac6d1de45dee11834b195ea236c2bf77.png,tiffen-lens-cleaning-paper-500x500.png,products/fe255fcfe50f4aaee8ee64dbb06b9a55ac6d1de45dee11834b195ea236c2bf77.png,image/png,png,70453,fe255fcfe50f4aaee8ee64dbb06b9a55ac6d1de45dee11834b195ea236c2bf77,500,325,Tiffin Lens Cleaning Paper,10,false
TIFFIN-LENS-CLEANING-PAPER,416efaf0b9972d9ca299b576611f1afed3231050dfe710b4ec057dca53aa8f19.jpg,tiffin-lens-cleaning-paper-1000x1000.jpg,products/416efaf0b9972d9ca299b576611f1afed3231050dfe710b4ec057dca53aa8f19.jpg,image/jpeg,jpg,25493,416efaf0b9972d9ca299b576611f1afed3231050dfe710b4ec057dca53aa8f19,720,821,Tiffin Lens Cleaning Paper,20,false
TIFFIN-LENS-CLEANING-PAPER,d92a21780b680a11905f8ac83715fd2f151704696024f1914f3b0c49b842b789.jpg,tiffin-lens-cleaning-paper-1000x1000.jpg,products/d92a21780b680a11905f8ac83715fd2f151704696024f1914f3b0c49b842b789.jpg,image/jpeg,jpg,24015,d92a21780b680a11905f8ac83715fd2f151704696024f1914f3b0c49b842b789,720,880,Tiffin Lens Cleaning Paper,30,false
TIFFIN-LENS-CLEANING-PAPER,510256c08483c2c7104b933aa08ad147bf1b81cd4d66020bcea40d633b9d0565.jpg,tiffin-lens-cleaning-paper-1000x1000.jpg,products/510256c08483c2c7104b933aa08ad147bf1b81cd4d66020bcea40d633b9d0565.jpg,image/jpeg,jpg,24648,510256c08483c2c7104b933aa08ad147bf1b81cd4d66020bcea40d633b9d0565,1000,650,Tiffin Lens Cleaning Paper,40,false
TIFFIN-LENS-CLEANING-PAPER,3a27ba3469efb82de83446c572f0cc88125c50e9fc8f8444aa884236ece859db.jpg,tiffin-lens-cleaning-paper-1000x1000.jpg,products/3a27ba3469efb82de83446c572f0cc88125c50e9fc8f8444aa884236ece859db.jpg,image/jpeg,jpg,87483,3a27ba3469efb82de83446c572f0cc88125c50e9fc8f8444aa884236ece859db,1000,750,Tiffin Lens Cleaning Paper,50,false
TIFFEN-LENS-CLEANING-PAPER,919eab7870b8744c6cab9e5291f9b85bf9950900d77343cdf7519f79c4767df6.jpg,tiffen-lens-cleaning-paper-1000x1000.jpg,products/919eab7870b8744c6cab9e5291f9b85bf9950900d77343cdf7519f79c4767df6.jpg,image/jpeg,jpg,21776,919eab7870b8744c6cab9e5291f9b85bf9950900d77343cdf7519f79c4767df6,1000,1000,Tiffen Lens Cleaning Paper,0,true
TIFFEN-LENS-CLEANING-PAPER,cef8e1523e02731404de3ac96a297f6db6c2ff90267e63737a1fcb0a273929fc.jpg,tiffen-lens-cleaning-paper-1000x1000.jpg,products/cef8e1523e02731404de3ac96a297f6db6c2ff90267e63737a1fcb0a273929fc.jpg,image/jpeg,jpg,26219,cef8e1523e02731404de3ac96a297f6db6c2ff90267e63737a1fcb0a273929fc,720,821,Tiffen Lens Cleaning Paper,10,false
TIFFEN-LENS-CLEANING-PAPER,510256c08483c2c7104b933aa08ad147bf1b81cd4d66020bcea40d633b9d0565.jpg,tiffen-lens-cleaning-paper-1000x1000.jpg,products/510256c08483c2c7104b933aa08ad147bf1b81cd4d66020bcea40d633b9d0565.jpg,image/jpeg,jpg,24648,510256c08483c2c7104b933aa08ad147bf1b81cd4d66020bcea40d633b9d0565,1000,650,Tiffen Lens Cleaning Paper,20,false
TIFFEN-LENS-CLEANING-PAPER,4915a0dbafeb7e20ff330a10e7ef7b8c99dfcb32c6840a789ebef8b1a53df9dd.jpg,tiffen-lens-cleaning-paper-1000x1000.jpg,products/4915a0dbafeb7e20ff330a10e7ef7b8c99dfcb32c6840a789ebef8b1a53df9dd.jpg,image/jpeg,jpg,16963,4915a0dbafeb7e20ff330a10e7ef7b8c99dfcb32c6840a789ebef8b1a53df9dd,1000,1000,Tiffen Lens Cleaning Paper,30,false
LENS-CLEANING-PAPER-TIFFEN,3dd5e3531c3823339bdedab5278bbef83991ed24481dc7fa0380dbcaa7dd4d99.jpg,lens-cleaning-paper-tiffen-1000x1000.jpg,products/3dd5e3531c3823339bdedab5278bbef83991ed24481dc7fa0380dbcaa7dd4d99.jpg,image/jpeg,jpg,24431,3dd5e3531c3823339bdedab5278bbef83991ed24481dc7fa0380dbcaa7dd4d99,1000,650,Lens Cleaning Paper - TIFFEN,0,true
LENS-CLEANING-PAPER-TIFFEN,c70f0325e3d7927a9358fad465e25f5eba5df5953a09a6bc6793cab42f545932.jpg,lens-cleaning-paper-tiffen-1000x1000.jpg,products/c70f0325e3d7927a9358fad465e25f5eba5df5953a09a6bc6793cab42f545932.jpg,image/jpeg,jpg,12358,c70f0325e3d7927a9358fad465e25f5eba5df5953a09a6bc6793cab42f545932,500,500,Lens Cleaning Paper - TIFFEN,10,false
LENS-CLEANING-PAPER-TIFFEN,4656a420100a217d36fb3d7c58ec862df28795e57eb0f4dbcdb8a5b7f0956b00.jpg,lens-cleaning-paper-tiffen-1000x1000.jpg,products/4656a420100a217d36fb3d7c58ec862df28795e57eb0f4dbcdb8a5b7f0956b00.jpg,image/jpeg,jpg,81651,4656a420100a217d36fb3d7c58ec862df28795e57eb0f4dbcdb8a5b7f0956b00,1000,750,Lens Cleaning Paper - TIFFEN,20,false
LENS-CLEANING-PAPER-TIFFEN,19ac69c739e88dce0e677517b30db5ab08a8c596fadf292fe48fdec8991038ae.jpg,lens-cleaning-paper-tiffen-1000x1000.jpg,products/19ac69c739e88dce0e677517b30db5ab08a8c596fadf292fe48fdec8991038ae.jpg,image/jpeg,jpg,24048,19ac69c739e88dce0e677517b30db5ab08a8c596fadf292fe48fdec8991038ae,720,880,Lens Cleaning Paper - TIFFEN,30,false
LENS-CLEANING-PAPER-TIFFEN,d42ae3ea4f3cebbe1ed94eb463d5c3cb2facbb1ee823c6b9046a706898d4de7e.jpg,lens-cleaning-paper-tiffen-1000x1000.jpg,products/d42ae3ea4f3cebbe1ed94eb463d5c3cb2facbb1ee823c6b9046a706898d4de7e.jpg,image/jpeg,jpg,25390,d42ae3ea4f3cebbe1ed94eb463d5c3cb2facbb1ee823c6b9046a706898d4de7e,720,821,Lens Cleaning Paper - TIFFEN,40,false
LENS-CLEANING-PAPER-TIFFEN,c91e57222524e2ee09f6bb34d9661de00988a26fb45c0a2c94a408c3db77a3aa.jpg,lens-cleaning-paper-tiffen-1000x1000.jpg,products/c91e57222524e2ee09f6bb34d9661de00988a26fb45c0a2c94a408c3db77a3aa.jpg,image/jpeg,jpg,35938,c91e57222524e2ee09f6bb34d9661de00988a26fb45c0a2c94a408c3db77a3aa,1000,1000,Lens Cleaning Paper - TIFFEN,50,false
OPTICAL-LENS-CLEANER,4c00be950aedb617fb99f04cab7e35661d26f6641d1fc5ae447b3e82df1b2d88.jpg,lens-cleaner-fluid-500x500.jpg,products/4c00be950aedb617fb99f04cab7e35661d26f6641d1fc5ae447b3e82df1b2d88.jpg,image/jpeg,jpg,20910,4c00be950aedb617fb99f04cab7e35661d26f6641d1fc5ae447b3e82df1b2d88,204,500,Optical Lens Cleaner,0,true
OPTICAL-LENS-CLEANER,b183abb422b19018db69b357d12fe9f71c3c3e181cc483050ddd4553952c0f95.jpeg,optical-lens-cleaner-1000x1000.jpeg,products/b183abb422b19018db69b357d12fe9f71c3c3e181cc483050ddd4553952c0f95.jpeg,image/jpeg,jpeg,57129,b183abb422b19018db69b357d12fe9f71c3c3e181cc483050ddd4553952c0f95,1000,788,Optical Lens Cleaner,10,false
OPTICAL-LENS-CLEANER,cb22c39166768bba40b231c4e59a4dc19965bacc168add2180e9c9f1d6b41294.jpg,optical-lens-cleaner-1000x1000.jpg,products/cb22c39166768bba40b231c4e59a4dc19965bacc168add2180e9c9f1d6b41294.jpg,image/jpeg,jpg,37135,cb22c39166768bba40b231c4e59a4dc19965bacc168add2180e9c9f1d6b41294,1000,1000,Optical Lens Cleaner,20,false
CERAMIC-NOZZLE-HOLDER,1760402126f3de4d517556f1e91e72424d21fce671e065365e885ccb250b551d.jpg,product-jpeg-500x500.jpg,products/1760402126f3de4d517556f1e91e72424d21fce671e065365e885ccb250b551d.jpg,image/jpeg,jpg,7526,1760402126f3de4d517556f1e91e72424d21fce671e065365e885ccb250b551d,500,491,Ceramic Nozzle Holder,0,true
CERAMIC-NOZZLE-HOLDER,2eec45ce80c66c7663acc3ca49909bd02f279e8ca11afe1597271e08c2f6d0e2.jpg,ceramic-nozzle-holder-1000x1000.jpg,products/2eec45ce80c66c7663acc3ca49909bd02f279e8ca11afe1597271e08c2f6d0e2.jpg,image/jpeg,jpg,85689,2eec45ce80c66c7663acc3ca49909bd02f279e8ca11afe1597271e08c2f6d0e2,986,1000,Ceramic Nozzle Holder,10,false
CERAMIC-NOZZLE-HOLDER,c69ba6fcd33177c73e0557fd1be3b11bd9fb6aad942bc078cedf472b37ae0299.jpg,ceramic-nozzle-holder-1000x1000.jpg,products/c69ba6fcd33177c73e0557fd1be3b11bd9fb6aad942bc078cedf472b37ae0299.jpg,image/jpeg,jpg,46544,c69ba6fcd33177c73e0557fd1be3b11bd9fb6aad942bc078cedf472b37ae0299,1000,1000,Ceramic Nozzle Holder,20,false
CERAMIC-NOZZLE-HOLDER,8b4f49c25814dbf410e350514917cd102157ea659102a1393a3f08612b9894ad.png,ceramic-nozzle-holder-1000x1000.png,products/8b4f49c25814dbf410e350514917cd102157ea659102a1393a3f08612b9894ad.png,image/png,png,275748,8b4f49c25814dbf410e350514917cd102157ea659102a1393a3f08612b9894ad,1000,800,Ceramic Nozzle Holder,30,false
CERAMIC-NOZZLE-HOLDER-2,9934949db77ef38331e35cb064111c5ad1a4d92c0808366f5a1e72c8b85910a5.jpg,laser-consumable-metal-laser-cutting-nozzle-500x500.jpg,products/9934949db77ef38331e35cb064111c5ad1a4d92c0808366f5a1e72c8b85910a5.jpg,image/jpeg,jpg,19737,9934949db77ef38331e35cb064111c5ad1a4d92c0808366f5a1e72c8b85910a5,500,500,Ceramic Nozzle Holder,0,true
CERAMIC-NOZZLE-HOLDER-2,85c6ae4bd9871f7baf54a2d61d295db8d41e4d21e37ff6047f2b08697b5df999.jpg,fb-img-1639727662896-1000x1000.jpg,products/85c6ae4bd9871f7baf54a2d61d295db8d41e4d21e37ff6047f2b08697b5df999.jpg,image/jpeg,jpg,24422,85c6ae4bd9871f7baf54a2d61d295db8d41e4d21e37ff6047f2b08697b5df999,720,720,Ceramic Nozzle Holder,10,false
CERAMIC-NOZZLE-HOLDER-2,c69ba6fcd33177c73e0557fd1be3b11bd9fb6aad942bc078cedf472b37ae0299.jpg,ceramic-nozzle-holder-1000x1000.jpg,products/c69ba6fcd33177c73e0557fd1be3b11bd9fb6aad942bc078cedf472b37ae0299.jpg,image/jpeg,jpg,46544,c69ba6fcd33177c73e0557fd1be3b11bd9fb6aad942bc078cedf472b37ae0299,1000,1000,Ceramic Nozzle Holder,20,false
CERAMIC-NOZZLE-HOLDER-2,8b4f49c25814dbf410e350514917cd102157ea659102a1393a3f08612b9894ad.png,ceramic-nozzle-holder-1000x1000.png,products/8b4f49c25814dbf410e350514917cd102157ea659102a1393a3f08612b9894ad.png,image/png,png,275748,8b4f49c25814dbf410e350514917cd102157ea659102a1393a3f08612b9894ad,1000,800,Ceramic Nozzle Holder,30,false
BODOR-D32-DOUBLE-LAYER-NOZZLE,992b9721277655b36d5c9f0395b75aea6ae3045a731da121afaf397894700ffe.png,bodor-d32-double-layer-nozzle-1000x1000.png,products/992b9721277655b36d5c9f0395b75aea6ae3045a731da121afaf397894700ffe.png,image/png,png,374205,992b9721277655b36d5c9f0395b75aea6ae3045a731da121afaf397894700ffe,1000,893,Bodor D32 Double Layer Nozzle,0,true
BODOR-D32-DOUBLE-LAYER-NOZZLE,deff63a99b524961564609761c7f7089af8f52254c65ffa1f35be8ee03da338b.png,bodor-d32-double-layer-nozzle-500x500.png,products/deff63a99b524961564609761c7f7089af8f52254c65ffa1f35be8ee03da338b.png,image/png,png,122404,deff63a99b524961564609761c7f7089af8f52254c65ffa1f35be8ee03da338b,500,432,Bodor D32 Double Layer Nozzle,10,false
BODOR-D32-DOUBLE-LAYER-NOZZLE,1bec8af32c70df9959e1d7a880d3794952ca1e38428740df173336946843075e.png,bodor-d32-double-layer-nozzle-1000x1000.png,products/1bec8af32c70df9959e1d7a880d3794952ca1e38428740df173336946843075e.png,image/png,png,159851,1bec8af32c70df9959e1d7a880d3794952ca1e38428740df173336946843075e,706,1000,Bodor D32 Double Layer Nozzle,20,false
BODOR-D32-DOUBLE-LAYER-NOZZLE,7a4e2e4da68be79210e51cd42450f26db3b500ad0886706e39650a794f331c41.png,bodor-d32-double-layer-nozzle-1000x1000.png,products/7a4e2e4da68be79210e51cd42450f26db3b500ad0886706e39650a794f331c41.png,image/png,png,302295,7a4e2e4da68be79210e51cd42450f26db3b500ad0886706e39650a794f331c41,1000,893,Bodor D32 Double Layer Nozzle,30,false
CONVEX-LENS-FOR-LASER,6cabe465dd5b8a4806c5dc2899cc48f375f240787afa1d63070ba229cd8c7b1e.jpg,convex-lens-for-laser-1000x1000.jpg,products/6cabe465dd5b8a4806c5dc2899cc48f375f240787afa1d63070ba229cd8c7b1e.jpg,image/jpeg,jpg,37729,6cabe465dd5b8a4806c5dc2899cc48f375f240787afa1d63070ba229cd8c7b1e,1000,1000,Convex Lens For Laser,0,true
CONVEX-LENS-FOR-LASER,359aaa258f7aa469c2f7ac371075b18a7f59398534b325d366b55a7f096b23e5.png,convex-lens-1000x1000.png,products/359aaa258f7aa469c2f7ac371075b18a7f59398534b325d366b55a7f096b23e5.png,image/png,png,145286,359aaa258f7aa469c2f7ac371075b18a7f59398534b325d366b55a7f096b23e5,735,672,Convex Lens For Laser,10,false
CONVEX-LENS-FOR-LASER,6dcbbf4896d26cdc7dee525d786ca312ef16803bdf8dd748cd47eb493efbdcdb.jpg,convex-lens-for-laser-1000x1000.jpg,products/6dcbbf4896d26cdc7dee525d786ca312ef16803bdf8dd748cd47eb493efbdcdb.jpg,image/jpeg,jpg,105876,6dcbbf4896d26cdc7dee525d786ca312ef16803bdf8dd748cd47eb493efbdcdb,1000,1000,Convex Lens For Laser,20,false
CONVEX-LENS-FOR-LASER,ddfeed4850d494725ca9109f677e70c96d62f0f72346a6286b6b509e9f095214.jpg,convex-lens-for-laser-1000x1000.jpg,products/ddfeed4850d494725ca9109f677e70c96d62f0f72346a6286b6b509e9f095214.jpg,image/jpeg,jpg,30465,ddfeed4850d494725ca9109f677e70c96d62f0f72346a6286b6b509e9f095214,1000,1000,Convex Lens For Laser,30,false
PLASMA-CUTTING-MACHINE-NOZZLE,369e7c2175664d41d7b45470a76bb797c30c903e5966b53daadd31c3ce50b22c.jpeg,plasma-cutting-machine-nozzle-1000x1000.jpeg,products/369e7c2175664d41d7b45470a76bb797c30c903e5966b53daadd31c3ce50b22c.jpeg,image/jpeg,jpeg,71852,369e7c2175664d41d7b45470a76bb797c30c903e5966b53daadd31c3ce50b22c,986,1000,Plasma Cutting Machine Nozzle,0,true
PLASMA-CUTTING-MACHINE-NOZZLE,2eec45ce80c66c7663acc3ca49909bd02f279e8ca11afe1597271e08c2f6d0e2.jpg,plasma-cutting-machine-nozzle-1000x1000.jpg,products/2eec45ce80c66c7663acc3ca49909bd02f279e8ca11afe1597271e08c2f6d0e2.jpg,image/jpeg,jpg,85689,2eec45ce80c66c7663acc3ca49909bd02f279e8ca11afe1597271e08c2f6d0e2,986,1000,Plasma Cutting Machine Nozzle,10,false
PLASMA-CUTTING-MACHINE-NOZZLE,84886b41538cfc2afc0db96bb36b32041236d531af3a5bfb3508d4fb384b6054.jpg,plasma-cutting-machine-nozzle-1000x1000.jpg,products/84886b41538cfc2afc0db96bb36b32041236d531af3a5bfb3508d4fb384b6054.jpg,image/jpeg,jpg,36874,84886b41538cfc2afc0db96bb36b32041236d531af3a5bfb3508d4fb384b6054,1000,1000,Plasma Cutting Machine Nozzle,20,false
PLASMA-CUTTING-MACHINE-NOZZLE,9b13e10fdb2fa4d28e92a8a3c50cb3b7145060f7bc4a963a00090417f72ba7eb.png,plasma-cutting-nozzle-1000x1000.png,products/9b13e10fdb2fa4d28e92a8a3c50cb3b7145060f7bc4a963a00090417f72ba7eb.png,image/png,png,977491,9b13e10fdb2fa4d28e92a8a3c50cb3b7145060f7bc4a963a00090417f72ba7eb,889,672,Plasma Cutting Machine Nozzle,30,false
AIR-FILTER-DONALDSON,6d10e4721419e92a47702175d0064fe6fc3c2c3a7db7d8a33525f8e307ca3062.jpg,donaldson-air-filter-500x500.jpg,products/6d10e4721419e92a47702175d0064fe6fc3c2c3a7db7d8a33525f8e307ca3062.jpg,image/jpeg,jpg,33030,6d10e4721419e92a47702175d0064fe6fc3c2c3a7db7d8a33525f8e307ca3062,374,500,Air Filter Donaldson,0,true
AIR-FILTER-DONALDSON,5e28f22bae52662d2522379ae30f4296fcbb21c762fff90c3668d92e60d82e50.jpeg,air-filter-donaldson-1000x1000.jpeg,products/5e28f22bae52662d2522379ae30f4296fcbb21c762fff90c3668d92e60d82e50.jpeg,image/jpeg,jpeg,98542,5e28f22bae52662d2522379ae30f4296fcbb21c762fff90c3668d92e60d82e50,748,1000,Air Filter Donaldson,10,false
AIR-FILTER-DONALDSON,9bff79b5b7d858bd354e716f312f7c5fcdd1102b1021c4d0de591fc649d80f15.jpg,air-filter-donaldson-1000x1000.jpg,products/9bff79b5b7d858bd354e716f312f7c5fcdd1102b1021c4d0de591fc649d80f15.jpg,image/jpeg,jpg,107798,9bff79b5b7d858bd354e716f312f7c5fcdd1102b1021c4d0de591fc649d80f15,1000,1000,Air Filter Donaldson,20,false
FESTO-PNEUMATIC-AIR-FILTERS-FOR-LASER-CUTTING-MACHINE,9a7840c8adff8bf2ca0fbd4ed3bd1cca0dface483d9e66d22803dcae7a7bcdf2.jpg,festo-filters-500x500.jpg,products/9a7840c8adff8bf2ca0fbd4ed3bd1cca0dface483d9e66d22803dcae7a7bcdf2.jpg,image/jpeg,jpg,19242,9a7840c8adff8bf2ca0fbd4ed3bd1cca0dface483d9e66d22803dcae7a7bcdf2,309,500,Festo Pneumatic Air Filters for laser cutting machine,0,true
FESTO-PNEUMATIC-AIR-FILTERS-FOR-LASER-CUTTING-MACHINE,6443636223eb76d15a326f8cd627d00e752365aedba068d5a1b6c0d0b3f2e80d.jpg,chiller-air-filter-for-trumpf-laser-1000x1000.jpg,products/6443636223eb76d15a326f8cd627d00e752365aedba068d5a1b6c0d0b3f2e80d.jpg,image/jpeg,jpg,89482,6443636223eb76d15a326f8cd627d00e752365aedba068d5a1b6c0d0b3f2e80d,750,1000,Festo Pneumatic Air Filters for laser cutting machine,10,false
FESTO-PNEUMATIC-AIR-FILTERS-FOR-LASER-CUTTING-MACHINE,bf657343712d92160b1350d7228d1c662a0c150e29d9ec4d61f5918e0a2136f2.jpg,chiller-air-filter-for-trumpf-laser-1000x1000.jpg,products/bf657343712d92160b1350d7228d1c662a0c150e29d9ec4d61f5918e0a2136f2.jpg,image/jpeg,jpg,90594,bf657343712d92160b1350d7228d1c662a0c150e29d9ec4d61f5918e0a2136f2,1000,1000,Festo Pneumatic Air Filters for laser cutting machine,20,false
MAZAK-LASER-CONSUMABLES,992b9721277655b36d5c9f0395b75aea6ae3045a731da121afaf397894700ffe.png,bodor-d32-double-layer-nozzle-1000x1000.png,products/992b9721277655b36d5c9f0395b75aea6ae3045a731da121afaf397894700ffe.png,image/png,png,374205,992b9721277655b36d5c9f0395b75aea6ae3045a731da121afaf397894700ffe,1000,893,Mazak Laser Consumables,0,true
MAZAK-LASER-CONSUMABLES,e38da6443db9a3e42566358e73b83376063dddf4705600df0285e1f13467f709.jpg,fb-img-1639727368459-500x500.jpg,products/e38da6443db9a3e42566358e73b83376063dddf4705600df0285e1f13467f709.jpg,image/jpeg,jpg,16054,e38da6443db9a3e42566358e73b83376063dddf4705600df0285e1f13467f709,500,500,Mazak Laser Consumables,10,false
MAZAK-LASER-CONSUMABLES,600f2d26b1df06e5f08e516c847d909c531c8f68787fb374efe5cf3e512d5fa1.jpg,ebc-x20-nozzle-2-6-mm-nozzle-trumpf-2085524-1000x1000.jpg,products/600f2d26b1df06e5f08e516c847d909c531c8f68787fb374efe5cf3e512d5fa1.jpg,image/jpeg,jpg,25821,600f2d26b1df06e5f08e516c847d909c531c8f68787fb374efe5cf3e512d5fa1,1000,832,Mazak Laser Consumables,20,false
MAZAK-LASER-CONSUMABLES,01e66f646ac57a432906cb2671855328b5ac0ccb1cf5e6a9fd231de59b0b6f2a.png,ceramic-part-replaces-0936678-2509767-1000x1000.png,products/01e66f646ac57a432906cb2671855328b5ac0ccb1cf5e6a9fd231de59b0b6f2a.png,image/png,png,163379,01e66f646ac57a432906cb2671855328b5ac0ccb1cf5e6a9fd231de59b0b6f2a,1000,979,Mazak Laser Consumables,30,false
MAZAK-LASER-CONSUMABLES,9b094e437ea1a7e70930f02948e7a90a5a28324ea8d7373a353df7a27a43b397.jpeg,precitec-laser-nozzle-1000x1000.jpeg,products/9b094e437ea1a7e70930f02948e7a90a5a28324ea8d7373a353df7a27a43b397.jpeg,image/jpeg,jpeg,21755,9b094e437ea1a7e70930f02948e7a90a5a28324ea8d7373a353df7a27a43b397,1000,1000,Mazak Laser Consumables,40,false
32X2-PROTECTIVE-LENS,2835e0b237fe0591a212418483154988a2e3081575bbfdcb0e8778ac1bf1efad.jpeg,product-jpeg-500x500.jpeg,products/2835e0b237fe0591a212418483154988a2e3081575bbfdcb0e8778ac1bf1efad.jpeg,image/jpeg,jpeg,18769,2835e0b237fe0591a212418483154988a2e3081575bbfdcb0e8778ac1bf1efad,500,376,32X2 Protective Lens,0,true
32X2-PROTECTIVE-LENS,d7d0483f26772c0639d46fe4f926bc6896fd0eee7b34b331237e92531d0d354d.jpg,laser-machine-mirror-1000x1000.jpg,products/d7d0483f26772c0639d46fe4f926bc6896fd0eee7b34b331237e92531d0d354d.jpg,image/jpeg,jpg,18194,d7d0483f26772c0639d46fe4f926bc6896fd0eee7b34b331237e92531d0d354d,1000,1000,32X2 Protective Lens,10,false
32X2-PROTECTIVE-LENS,71059aa43715b618878ab2e97eb2984328248f718cbb59eb488f6381bdb29163.jpg,protective-windows-1-1000x1000.jpg,products/71059aa43715b618878ab2e97eb2984328248f718cbb59eb488f6381bdb29163.jpg,image/jpeg,jpg,60884,71059aa43715b618878ab2e97eb2984328248f718cbb59eb488f6381bdb29163,1000,997,32X2 Protective Lens,20,false
RAYTOOLS-ORIGINAL-PROTECTIVE-LENS,76851ca79ec9db38d0f2322f96601b3b0afaedf05240312a919d424ebf7965d6.jpg,raytools-original-protective-lens-1000x1000.jpg,products/76851ca79ec9db38d0f2322f96601b3b0afaedf05240312a919d424ebf7965d6.jpg,image/jpeg,jpg,62671,76851ca79ec9db38d0f2322f96601b3b0afaedf05240312a919d424ebf7965d6,1000,815,RayTools Original Protective Lens,0,true
RAYTOOLS-ORIGINAL-PROTECTIVE-LENS,f05d1510b88f3bef4eff8b901110392fd124346a567c152ffd50ae1e9d383cee.jpg,raytools-original-protective-lens-1000x1000.jpg,products/f05d1510b88f3bef4eff8b901110392fd124346a567c152ffd50ae1e9d383cee.jpg,image/jpeg,jpg,74466,f05d1510b88f3bef4eff8b901110392fd124346a567c152ffd50ae1e9d383cee,1000,1000,RayTools Original Protective Lens,10,false
RAYTOOLS-ORIGINAL-PROTECTIVE-LENS,5c20e29ebb480cf5ddb1540adc92224587f593c4678c97c9f1e234e7a705bd03.png,precitec-protective-glass-1000x1000.png,products/5c20e29ebb480cf5ddb1540adc92224587f593c4678c97c9f1e234e7a705bd03.png,image/png,png,1145950,5c20e29ebb480cf5ddb1540adc92224587f593c4678c97c9f1e234e7a705bd03,958,1000,RayTools Original Protective Lens,20,false
FIBER-PROTECTIVE-LENS,f16a6f326da8de380885514a5bc731ef3920379481fa273cb0acfa9b60015dd1.jpeg,product-jpeg-500x500.jpeg,products/f16a6f326da8de380885514a5bc731ef3920379481fa273cb0acfa9b60015dd1.jpeg,image/jpeg,jpeg,18184,f16a6f326da8de380885514a5bc731ef3920379481fa273cb0acfa9b60015dd1,500,385,Fiber Protective Lens,0,true
FIBER-PROTECTIVE-LENS,bb203fc610c6c39e0664dbeb4042ecbd37715a762c4d6017fac6fedf8a9ea83d.jpg,fiber-laser-protective-window-1000x1000.jpg,products/bb203fc610c6c39e0664dbeb4042ecbd37715a762c4d6017fac6fedf8a9ea83d.jpg,image/jpeg,jpg,211963,bb203fc610c6c39e0664dbeb4042ecbd37715a762c4d6017fac6fedf8a9ea83d,1000,1000,Fiber Protective Lens,10,false
FIBER-PROTECTIVE-LENS,933d62e123d42956c431bc6b2025dcb08b19c585b42f5e2ac689164477606919.jpg,product-jpeg-1000x1000.jpg,products/933d62e123d42956c431bc6b2025dcb08b19c585b42f5e2ac689164477606919.jpg,image/jpeg,jpg,68446,933d62e123d42956c431bc6b2025dcb08b19c585b42f5e2ac689164477606919,917,1000,Fiber Protective Lens,20,false
RAYTOOL-PROTECTIVE-LENS,8880e35b342ce6554db84bd6263db07827c03e68f3676f53ad4bedfb53482244.jpg,raytool-protective-lens-1000x1000.jpg,products/8880e35b342ce6554db84bd6263db07827c03e68f3676f53ad4bedfb53482244.jpg,image/jpeg,jpg,66335,8880e35b342ce6554db84bd6263db07827c03e68f3676f53ad4bedfb53482244,1000,813,Raytool Protective Lens,0,true
RAYTOOL-PROTECTIVE-LENS,f05d1510b88f3bef4eff8b901110392fd124346a567c152ffd50ae1e9d383cee.jpg,raytool-protective-lens-1000x1000.jpg,products/f05d1510b88f3bef4eff8b901110392fd124346a567c152ffd50ae1e9d383cee.jpg,image/jpeg,jpg,74466,f05d1510b88f3bef4eff8b901110392fd124346a567c152ffd50ae1e9d383cee,1000,1000,Raytool Protective Lens,10,false
WEIHONG-REMOTE-CONTROLLER,732c5eaebcd3d7c73d2e40566e4a3269f3dea2614e334129f02e2fb1e73723ae.webp,weihong-remote-controller-1000x1000.webp,products/732c5eaebcd3d7c73d2e40566e4a3269f3dea2614e334129f02e2fb1e73723ae.webp,image/webp,webp,56985,732c5eaebcd3d7c73d2e40566e4a3269f3dea2614e334129f02e2fb1e73723ae,759,1000,Weihong Remote Controller,0,true
WEIHONG-REMOTE-CONTROLLER,60eaf0c1691bc6a1de6ce0d80163dffcf762c32b82ec5a03524699f5f90b482f.webp,weihong-remote-controller-1000x1000.webp,products/60eaf0c1691bc6a1de6ce0d80163dffcf762c32b82ec5a03524699f5f90b482f.webp,image/webp,webp,63619,60eaf0c1691bc6a1de6ce0d80163dffcf762c32b82ec5a03524699f5f90b482f,759,1000,Weihong Remote Controller,10,false
WEIHONG-REMOTE-CONTROLLER,0e3a3eb755fc36c43c19dcd0059f2ef9152108dd496b60b877ddbd7de1dfee3e.webp,weihong-remote-controller-1000x1000.webp,products/0e3a3eb755fc36c43c19dcd0059f2ef9152108dd496b60b877ddbd7de1dfee3e.webp,image/webp,webp,40888,0e3a3eb755fc36c43c19dcd0059f2ef9152108dd496b60b877ddbd7de1dfee3e,775,1000,Weihong Remote Controller,20,false
CYPCUT-REMOTE-CONTROLLER,cfa12a80a461c8d2a18bd89099b07b2f5e34afbd932d65c264fc892c7e54e617.jpg,cypcut-remote-controller-1000x1000.jpg,products/cfa12a80a461c8d2a18bd89099b07b2f5e34afbd932d65c264fc892c7e54e617.jpg,image/jpeg,jpg,101609,cfa12a80a461c8d2a18bd89099b07b2f5e34afbd932d65c264fc892c7e54e617,1000,1000,Cypcut Remote Controller,0,true
CYPCUT-REMOTE-CONTROLLER,968b4721bd07a75e2c661640c0dc3efa5f49636b9541d382924d5d7559fd1f31.jpg,cypcut-remote-controller-1000x1000.jpg,products/968b4721bd07a75e2c661640c0dc3efa5f49636b9541d382924d5d7559fd1f31.jpg,image/jpeg,jpg,114470,968b4721bd07a75e2c661640c0dc3efa5f49636b9541d382924d5d7559fd1f31,750,1000,Cypcut Remote Controller,10,false
CYPCUT-REMOTE-CONTROLLER,ae911885c505a856ee39b66680f5c802671a3dd25d66c9776109880569567415.webp,cypcut-remote-controller-1000x1000.webp,products/ae911885c505a856ee39b66680f5c802671a3dd25d66c9776109880569567415.webp,image/webp,webp,78689,ae911885c505a856ee39b66680f5c802671a3dd25d66c9776109880569567415,1000,999,Cypcut Remote Controller,20,false
6000MM-S-RAYTOOL-REMOTE-CONTROLLER,70e35558c200c86a7d7d443fc55750b0eb18eeccde339a44b25db65a1d14a112.png,raytool-remote-controller-ecat-1000x1000.png,products/70e35558c200c86a7d7d443fc55750b0eb18eeccde339a44b25db65a1d14a112.png,image/png,png,373417,70e35558c200c86a7d7d443fc55750b0eb18eeccde339a44b25db65a1d14a112,1000,848,6000mm/s Raytool Remote Controller,0,true
6000MM-S-RAYTOOL-REMOTE-CONTROLLER,297045d02cc465dad96495b73eebb8e6f0b41c8e8e756886f64c31d773c8eba1.webp,raytool-remote-controller-ecat-1000x1000.webp,products/297045d02cc465dad96495b73eebb8e6f0b41c8e8e756886f64c31d773c8eba1.webp,image/webp,webp,53474,297045d02cc465dad96495b73eebb8e6f0b41c8e8e756886f64c31d773c8eba1,745,1000,6000mm/s Raytool Remote Controller,10,false
6000MM-S-RAYTOOL-REMOTE-CONTROLLER,7ed665265f8d72eaa3943689f0faaf6a1b2c27ef086e50dcba837a284bae6305.webp,raytool-remote-controller-ecat-1000x1000.webp,products/7ed665265f8d72eaa3943689f0faaf6a1b2c27ef086e50dcba837a284bae6305.webp,image/webp,webp,30132,7ed665265f8d72eaa3943689f0faaf6a1b2c27ef086e50dcba837a284bae6305,647,1000,6000mm/s Raytool Remote Controller,20,false
RAYTOOLS-WEIHONG-REMOTE-CONTROLLER,483879824dda321b1fca6407117330ab1ee8f593be7de96e714f63e2221c3124.webp,weihong-whbo5s-remote-controller-1000x1000.webp,products/483879824dda321b1fca6407117330ab1ee8f593be7de96e714f63e2221c3124.webp,image/webp,webp,53580,483879824dda321b1fca6407117330ab1ee8f593be7de96e714f63e2221c3124,1000,782,Raytools Weihong Remote Controller,0,true
RAYTOOLS-WEIHONG-REMOTE-CONTROLLER,8ef143586c31547eb2783448bffd70ae741a2e0594ec22add8a6cbc83bac56a4.png,weihong-whbo5s-remote-controller-1000x1000.png,products/8ef143586c31547eb2783448bffd70ae741a2e0594ec22add8a6cbc83bac56a4.png,image/png,png,213228,8ef143586c31547eb2783448bffd70ae741a2e0594ec22add8a6cbc83bac56a4,456,1000,Raytools Weihong Remote Controller,10,false
RAYTOOLS-WEIHONG-REMOTE-CONTROLLER,0cb4a51c6370b15dc07e10a1eebe557531b84ad5c0426de9a7181c320b7ca60a.png,weihong-whbo5s-remote-controller-1000x1000.png,products/0cb4a51c6370b15dc07e10a1eebe557531b84ad5c0426de9a7181c320b7ca60a.png,image/png,png,533403,0cb4a51c6370b15dc07e10a1eebe557531b84ad5c0426de9a7181c320b7ca60a,1000,1000,Raytools Weihong Remote Controller,20,false
BODOR-REMOTE-CONTROLLER,3693cea12fbbf36b43d57f0b349e5704ef4f4323399a03700d13dfc9df61fa78.webp,bodor-remote-controller-1000x1000.webp,products/3693cea12fbbf36b43d57f0b349e5704ef4f4323399a03700d13dfc9df61fa78.webp,image/webp,webp,52792,3693cea12fbbf36b43d57f0b349e5704ef4f4323399a03700d13dfc9df61fa78,1000,768,Bodor Remote Controller,0,true
BODOR-REMOTE-CONTROLLER,8cf04e1ad272c717c76f5855e9a8a845a2d7995b13507f601f2d954cfe7f4c0f.jpg,bodor-remote-controller-1000x1000.jpg,products/8cf04e1ad272c717c76f5855e9a8a845a2d7995b13507f601f2d954cfe7f4c0f.jpg,image/jpeg,jpg,38461,8cf04e1ad272c717c76f5855e9a8a845a2d7995b13507f601f2d954cfe7f4c0f,1000,1000,Bodor Remote Controller,10,false
BODOR-REMOTE-CONTROLLER,4fef928292553adbc8eab45a491248c428bc734e2ebfab0849fddfa9b69036f6.webp,bodor-remote-controller-1000x1000.webp,products/4fef928292553adbc8eab45a491248c428bc734e2ebfab0849fddfa9b69036f6.webp,image/webp,webp,57760,4fef928292553adbc8eab45a491248c428bc734e2ebfab0849fddfa9b69036f6,1000,862,Bodor Remote Controller,20,false
BODOR-REMOTE-CONTROLLER,0cb4a51c6370b15dc07e10a1eebe557531b84ad5c0426de9a7181c320b7ca60a.png,bodor-remote-controller-1000x1000.png,products/0cb4a51c6370b15dc07e10a1eebe557531b84ad5c0426de9a7181c320b7ca60a.png,image/png,png,533403,0cb4a51c6370b15dc07e10a1eebe557531b84ad5c0426de9a7181c320b7ca60a,1000,1000,Bodor Remote Controller,30,false
ROUND-RUBBER-BELLOWS,304b272f9ff3e46e45db850be923424f14e6cfabbff4d0b2cc75503ab230d3df.jpeg,round-bellow-1000x1000.jpeg,products/304b272f9ff3e46e45db850be923424f14e6cfabbff4d0b2cc75503ab230d3df.jpeg,image/jpeg,jpeg,68281,304b272f9ff3e46e45db850be923424f14e6cfabbff4d0b2cc75503ab230d3df,750,1000,Round Rubber Bellows,0,true
ROUND-RUBBER-BELLOWS,fcad57ea6746c062454862425030c0e19434a0d8fb8c6d950312418ba73239e1.jpeg,round-rubber-bellows-1000x1000.jpeg,products/fcad57ea6746c062454862425030c0e19434a0d8fb8c6d950312418ba73239e1.jpeg,image/jpeg,jpeg,30836,fcad57ea6746c062454862425030c0e19434a0d8fb8c6d950312418ba73239e1,750,1000,Round Rubber Bellows,10,false
ROUND-RUBBER-BELLOWS,f9dd4485c376ea0934f6ee15cc624bd464e7bb7e54bdc82e56bcaeb4d2876a22.jpeg,round-rubber-bellows-1000x1000.jpeg,products/f9dd4485c376ea0934f6ee15cc624bd464e7bb7e54bdc82e56bcaeb4d2876a22.jpeg,image/jpeg,jpeg,29638,f9dd4485c376ea0934f6ee15cc624bd464e7bb7e54bdc82e56bcaeb4d2876a22,750,1000,Round Rubber Bellows,20,false
ROUND-RUBBER-BELLOWS,e0979f24326a487e5da497a04f833c0abcd712ea95444304430de5b815b8a10d.png,round-rubber-bellows-1000x1000.png,products/e0979f24326a487e5da497a04f833c0abcd712ea95444304430de5b815b8a10d.png,image/png,png,241989,e0979f24326a487e5da497a04f833c0abcd712ea95444304430de5b815b8a10d,706,1000,Round Rubber Bellows,30,false
BELLOW-FLEXIBLE-COUPLING,ef49a61798498f13d0186da521770c60e3087280315375f5712b15e50d17df38.jpg,product-jpeg-500x500.jpg,products/ef49a61798498f13d0186da521770c60e3087280315375f5712b15e50d17df38.jpg,image/jpeg,jpg,19785,ef49a61798498f13d0186da521770c60e3087280315375f5712b15e50d17df38,486,500,Bellow Flexible Coupling,0,true
BELLOW-FLEXIBLE-COUPLING,147b3a2969289bf6543bcd7357d6cf63e78415d49e1cc3adf1e5b1f9da9f61db.jpg,bellow-flexible-coupling-1000x1000.jpg,products/147b3a2969289bf6543bcd7357d6cf63e78415d49e1cc3adf1e5b1f9da9f61db.jpg,image/jpeg,jpg,125427,147b3a2969289bf6543bcd7357d6cf63e78415d49e1cc3adf1e5b1f9da9f61db,750,1000,Bellow Flexible Coupling,10,false
BELLOW-FLEXIBLE-COUPLING,43d83941b8a8850e75864cf98c1c7111c530065ab3d336b2c0f44b8a733c2ae1.jpg,bellow-flexible-coupling-1000x1000.jpg,products/43d83941b8a8850e75864cf98c1c7111c530065ab3d336b2c0f44b8a733c2ae1.jpg,image/jpeg,jpg,73675,43d83941b8a8850e75864cf98c1c7111c530065ab3d336b2c0f44b8a733c2ae1,750,1000,Bellow Flexible Coupling,20,false
WSX-NC63-SENSOR-HEAD,904dd16474e3242128e4007e20100ee13ed4717ad9b2cf965f953365ce09d745.jpg,wsx-nc63-sensor-head-1000x1000.jpg,products/904dd16474e3242128e4007e20100ee13ed4717ad9b2cf965f953365ce09d745.jpg,image/jpeg,jpg,51997,904dd16474e3242128e4007e20100ee13ed4717ad9b2cf965f953365ce09d745,1000,1000,WSX NC63 Sensor Head,0,true
WSX-NC63-SENSOR-HEAD,aba28f9dce8eb379c52cbad88943d806a77095262bb69c4a617bc334d28d79b3.webp,wsx-nc63-sensor-head-1000x1000.webp,products/aba28f9dce8eb379c52cbad88943d806a77095262bb69c4a617bc334d28d79b3.webp,image/webp,webp,76568,aba28f9dce8eb379c52cbad88943d806a77095262bb69c4a617bc334d28d79b3,1000,1000,WSX NC63 Sensor Head,10,false
WSX-NC63-SENSOR-HEAD,ecee6fa1ac0a0bd1629ca2f47782d337de51bb4f1dca3f40cba3517e3d70ad8a.png,wsx-nc63-sensor-head-1000x1000.png,products/ecee6fa1ac0a0bd1629ca2f47782d337de51bb4f1dca3f40cba3517e3d70ad8a.png,image/png,png,198200,ecee6fa1ac0a0bd1629ca2f47782d337de51bb4f1dca3f40cba3517e3d70ad8a,984,1000,WSX NC63 Sensor Head,20,false
30-BAR-SMC-SOLENOID-VALVE,6d18c7b4f535268140b8e4cb6840806bbbac4dd3cff15e9cc2c493e5ebb26229.webp,smc-solenoid-valve-30bar-1000x1000.webp,products/6d18c7b4f535268140b8e4cb6840806bbbac4dd3cff15e9cc2c493e5ebb26229.webp,image/webp,webp,52516,6d18c7b4f535268140b8e4cb6840806bbbac4dd3cff15e9cc2c493e5ebb26229,1000,818,30 Bar SMC Solenoid Valve,0,true
30-BAR-SMC-SOLENOID-VALVE,24a499508f5bbe7c4f10df3982dbfc8a5418de628025c279f965567889c6c516.webp,smc-solenoid-valve-30bar-1000x1000.webp,products/24a499508f5bbe7c4f10df3982dbfc8a5418de628025c279f965567889c6c516.webp,image/webp,webp,45431,24a499508f5bbe7c4f10df3982dbfc8a5418de628025c279f965567889c6c516,1000,714,30 Bar SMC Solenoid Valve,10,false
30-BAR-SMC-SOLENOID-VALVE,e929f227d7f7ecefb630aacd2870dcc2de1cb165388fc583daca0796da524818.png,smc-solenoid-valve-30bar-1000x1000.png,products/e929f227d7f7ecefb630aacd2870dcc2de1cb165388fc583daca0796da524818.png,image/png,png,376321,e929f227d7f7ecefb630aacd2870dcc2de1cb165388fc583daca0796da524818,1000,1000,30 Bar SMC Solenoid Valve,20,false
10-BAR-SMC-SOLENOID-VALVE,fae27f8f01bdeeb681bb43480aa6eef87c7230e4a927caf07ea0df86ac9d67cd.webp,smc-solenoid-valve-10bar-1000x1000.webp,products/fae27f8f01bdeeb681bb43480aa6eef87c7230e4a927caf07ea0df86ac9d67cd.webp,image/webp,webp,40332,fae27f8f01bdeeb681bb43480aa6eef87c7230e4a927caf07ea0df86ac9d67cd,763,1000,10 Bar SMC Solenoid Valve,0,true
10-BAR-SMC-SOLENOID-VALVE,a13cc46531100d75173547a3194e7028a54449dc018df7e959533531b7e2b142.webp,smc-solenoid-valve-10bar-1000x1000.webp,products/a13cc46531100d75173547a3194e7028a54449dc018df7e959533531b7e2b142.webp,image/webp,webp,35898,a13cc46531100d75173547a3194e7028a54449dc018df7e959533531b7e2b142,1000,1000,10 Bar SMC Solenoid Valve,10,false
10-BAR-SMC-SOLENOID-VALVE,e929f227d7f7ecefb630aacd2870dcc2de1cb165388fc583daca0796da524818.png,smc-solenoid-valve-10bar-1000x1000.png,products/e929f227d7f7ecefb630aacd2870dcc2de1cb165388fc583daca0796da524818.png,image/png,png,376321,e929f227d7f7ecefb630aacd2870dcc2de1cb165388fc583daca0796da524818,1000,1000,10 Bar SMC Solenoid Valve,20,false
10-BAR-SMC-SOLENOID-VALVE,55b71ba10716200efa86193a7dab89ab9b6ae09dbdaf7daed6b42eb3d0c7e5ee.webp,smc-solenoid-valve-10bar-1000x1000.webp,products/55b71ba10716200efa86193a7dab89ab9b6ae09dbdaf7daed6b42eb3d0c7e5ee.webp,image/webp,webp,44501,55b71ba10716200efa86193a7dab89ab9b6ae09dbdaf7daed6b42eb3d0c7e5ee,1000,774,10 Bar SMC Solenoid Valve,30,false
30-BAR-SMC-PROPORTIONAL-VALVE,0621dd4acd46f5db8f8684940b3c8f327dbfcbf888b58dc0ad1d3067e3c2eb24.webp,smc-proportional-valve-30bar-1000x1000.webp,products/0621dd4acd46f5db8f8684940b3c8f327dbfcbf888b58dc0ad1d3067e3c2eb24.webp,image/webp,webp,51006,0621dd4acd46f5db8f8684940b3c8f327dbfcbf888b58dc0ad1d3067e3c2eb24,1000,771,30 Bar SMC Proportional Valve,0,true
30-BAR-SMC-PROPORTIONAL-VALVE,4378d727673eb75fc1c8d4ea2577ea5a7a67893928fdd073639eb992f43575ae.webp,smc-proportional-valve-30bar-1000x1000.webp,products/4378d727673eb75fc1c8d4ea2577ea5a7a67893928fdd073639eb992f43575ae.webp,image/webp,webp,62296,4378d727673eb75fc1c8d4ea2577ea5a7a67893928fdd073639eb992f43575ae,1000,812,30 Bar SMC Proportional Valve,10,false
30-BAR-SMC-PROPORTIONAL-VALVE,28957a163224ab7bcdefe6aad0e5972add607911a4d9c267efe7a02f34d0909f.webp,smc-proportional-valve-10bar-1000x1000.webp,products/28957a163224ab7bcdefe6aad0e5972add607911a4d9c267efe7a02f34d0909f.webp,image/webp,webp,18932,28957a163224ab7bcdefe6aad0e5972add607911a4d9c267efe7a02f34d0909f,783,1000,30 Bar SMC Proportional Valve,20,false
POLYESTER-SWAB-GESTRICT,503f4d77b15b74fe67235f3f262d04ab4d42ed8b1e6ffbef208b68103bed3234.jpg,product-jpeg-500x500.jpg,products/503f4d77b15b74fe67235f3f262d04ab4d42ed8b1e6ffbef208b68103bed3234.jpg,image/jpeg,jpg,23990,503f4d77b15b74fe67235f3f262d04ab4d42ed8b1e6ffbef208b68103bed3234,500,467,Polyester Swab Gestrict,0,true
POLYESTER-SWAB-GESTRICT,6687e745618ea267ab5ef2bf1d8d0b4585b978b0afd7e6d76028dea167eaf083.jpg,polyester-swab-gestrict-1000x1000.jpg,products/6687e745618ea267ab5ef2bf1d8d0b4585b978b0afd7e6d76028dea167eaf083.jpg,image/jpeg,jpg,59968,6687e745618ea267ab5ef2bf1d8d0b4585b978b0afd7e6d76028dea167eaf083,1000,887,Polyester Swab Gestrict,10,false
POLYESTER-SWAB-GESTRICT,e42315c9b9113407d5d71083c19351c5f74e4613ffa3fde5836dfc6536623e8f.jpg,polyester-swab-gestrict-1000x1000.jpg,products/e42315c9b9113407d5d71083c19351c5f74e4613ffa3fde5836dfc6536623e8f.jpg,image/jpeg,jpg,55397,e42315c9b9113407d5d71083c19351c5f74e4613ffa3fde5836dfc6536623e8f,1000,1000,Polyester Swab Gestrict,20,false
POLYESTER-SWAB-GESTRICT,734bd134c5eb0892f013eaab73963bfe1e0cc2658bb9f228e711454827bb5176.jpg,polyester-swab-gestrict-1000x1000.jpg,products/734bd134c5eb0892f013eaab73963bfe1e0cc2658bb9f228e711454827bb5176.jpg,image/jpeg,jpg,67013,734bd134c5eb0892f013eaab73963bfe1e0cc2658bb9f228e711454827bb5176,757,1000,Polyester Swab Gestrict,30,false
PU-TIMING-BELT,49efd549694ed0c0a4937647c9d495ee6b4e32986194af8fa01b7eea2c9388fb.jpeg,pu-timing-belt-1000x1000.jpeg,products/49efd549694ed0c0a4937647c9d495ee6b4e32986194af8fa01b7eea2c9388fb.jpeg,image/jpeg,jpeg,94165,49efd549694ed0c0a4937647c9d495ee6b4e32986194af8fa01b7eea2c9388fb,1000,1000,Pu Timing Belt,0,true
PU-TIMING-BELT,6845e120863cf7c7e748a5e237d196ba07891dc8c87c46791ad0d0d82ce0f2e4.png,pu-timing-belt-1000x1000.png,products/6845e120863cf7c7e748a5e237d196ba07891dc8c87c46791ad0d0d82ce0f2e4.png,image/png,png,387541,6845e120863cf7c7e748a5e237d196ba07891dc8c87c46791ad0d0d82ce0f2e4,1000,1000,Pu Timing Belt,10,false
PU-TIMING-BELT,2dfb04bbad4b7ac29a602f5dcf0d77536283d9b9d06cdf0c25bfec077ebb8c97.jpg,product-jpeg-500x500.jpg,products/2dfb04bbad4b7ac29a602f5dcf0d77536283d9b9d06cdf0c25bfec077ebb8c97.jpg,image/jpeg,jpg,21587,2dfb04bbad4b7ac29a602f5dcf0d77536283d9b9d06cdf0c25bfec077ebb8c97,360,500,Pu Timing Belt,20,false
PU-TIMING-BELT,8eeec6b8f8b01e7eedc9b3ee6d69f781e956182c63f5e2c37ecc47f26d6cd74b.jpg,pu-timing-belt-1000x1000.jpg,products/8eeec6b8f8b01e7eedc9b3ee6d69f781e956182c63f5e2c37ecc47f26d6cd74b.jpg,image/jpeg,jpg,80104,8eeec6b8f8b01e7eedc9b3ee6d69f781e956182c63f5e2c37ecc47f26d6cd74b,1000,1000,Pu Timing Belt,30,false
OPHIR-LASER-LENSES,03a6e74e595291312cded6efe53bdd9d398c0d85624a3f86b2d22b85c20499f7.png,plasma-nozzle-500x500.png,products/03a6e74e595291312cded6efe53bdd9d398c0d85624a3f86b2d22b85c20499f7.png,image/png,png,162941,03a6e74e595291312cded6efe53bdd9d398c0d85624a3f86b2d22b85c20499f7,491,500,Ophir Laser Lenses,0,true
OPHIR-LASER-LENSES,4b2d6dd374e6322b7d3f5ab57a9bb5e12f24abc994b82a2e45ce9104caed62d2.png,ophir-laser-lenses-1000x1000.png,products/4b2d6dd374e6322b7d3f5ab57a9bb5e12f24abc994b82a2e45ce9104caed62d2.png,image/png,png,88860,4b2d6dd374e6322b7d3f5ab57a9bb5e12f24abc994b82a2e45ce9104caed62d2,500,500,Ophir Laser Lenses,10,false
OPHIR-LASER-LENSES,363475f80f37e37a27cb695111321d11c4123cea0d6f9c16979d0eb77b1482b6.png,ophir-laser-lenses-1000x1000.png,products/363475f80f37e37a27cb695111321d11c4123cea0d6f9c16979d0eb77b1482b6.png,image/png,png,90292,363475f80f37e37a27cb695111321d11c4123cea0d6f9c16979d0eb77b1482b6,500,500,Ophir Laser Lenses,20,false
OPHIR-LASER-LENSES,5beb5c8bea0a455a5ae2b643595bac497e1656cee4bd94e59a65ca3f492ad8cb.jpeg,ophir-laser-lenses-1000x1000.jpeg,products/5beb5c8bea0a455a5ae2b643595bac497e1656cee4bd94e59a65ca3f492ad8cb.jpeg,image/jpeg,jpeg,55579,5beb5c8bea0a455a5ae2b643595bac497e1656cee4bd94e59a65ca3f492ad8cb,986,1000,Ophir Laser Lenses,30,false
OPHIR-LASER-LENSES,aa0650afabc8c1a5fcc0581f07de23d249e59412c3b81131839e5c25fab1956a.jpg,ophir-laser-lenses-1000x1000.jpg,products/aa0650afabc8c1a5fcc0581f07de23d249e59412c3b81131839e5c25fab1956a.jpg,image/jpeg,jpg,112626,aa0650afabc8c1a5fcc0581f07de23d249e59412c3b81131839e5c25fab1956a,986,1000,Ophir Laser Lenses,40,false
CO2-LASER-MACHINE-LENS,a1076bd556ad486686d67f598e251915184f1126cb1f49ad507519e8af69255f.jpg,co2-laser-len-500x500.jpg,products/a1076bd556ad486686d67f598e251915184f1126cb1f49ad507519e8af69255f.jpg,image/jpeg,jpg,13141,a1076bd556ad486686d67f598e251915184f1126cb1f49ad507519e8af69255f,500,455,Co2 Laser Machine Lens,0,true
CO2-LASER-MACHINE-LENS,aa0650afabc8c1a5fcc0581f07de23d249e59412c3b81131839e5c25fab1956a.jpg,ophir-laser-lenses-1000x1000.jpg,products/aa0650afabc8c1a5fcc0581f07de23d249e59412c3b81131839e5c25fab1956a.jpg,image/jpeg,jpg,112626,aa0650afabc8c1a5fcc0581f07de23d249e59412c3b81131839e5c25fab1956a,986,1000,Co2 Laser Machine Lens,10,false
CO2-LASER-MACHINE-LENS,5beb5c8bea0a455a5ae2b643595bac497e1656cee4bd94e59a65ca3f492ad8cb.jpeg,ii-vi-co2-laser-machine-lens-1000x1000.jpeg,products/5beb5c8bea0a455a5ae2b643595bac497e1656cee4bd94e59a65ca3f492ad8cb.jpeg,image/jpeg,jpeg,55579,5beb5c8bea0a455a5ae2b643595bac497e1656cee4bd94e59a65ca3f492ad8cb,986,1000,Co2 Laser Machine Lens,20,false
FIBER-LASER-WELDING-GOGGLES,060cf02aa7d2117fb14577b586686e7ab9750fa99fdb3ae2a0c7d38af558836c.jpg,fiber-laser-welding-goggles-1000x1000.jpg,products/060cf02aa7d2117fb14577b586686e7ab9750fa99fdb3ae2a0c7d38af558836c.jpg,image/jpeg,jpg,59694,060cf02aa7d2117fb14577b586686e7ab9750fa99fdb3ae2a0c7d38af558836c,1000,905,Fiber Laser Welding Goggles,0,true
FIBER-LASER-WELDING-GOGGLES,fc222dcc642c7ac08936f325648f831756689b02682e3cb9d8447969064b623e.jpg,fiber-laser-welding-goggles-1000x1000.jpg,products/fc222dcc642c7ac08936f325648f831756689b02682e3cb9d8447969064b623e.jpg,image/jpeg,jpg,69110,fc222dcc642c7ac08936f325648f831756689b02682e3cb9d8447969064b623e,1000,951,Fiber Laser Welding Goggles,10,false
FIBER-LASER-WELDING-GOGGLES,459e3ba331a3dfbff8fdcca074a785878ec6ee8171ce6a22d2af7751ba7605c1.jpg,fiber-laser-welding-goggles-1000x1000.jpg,products/459e3ba331a3dfbff8fdcca074a785878ec6ee8171ce6a22d2af7751ba7605c1.jpg,image/jpeg,jpg,25164,459e3ba331a3dfbff8fdcca074a785878ec6ee8171ce6a22d2af7751ba7605c1,1000,1000,Fiber Laser Welding Goggles,20,false
FIBER-LASER-WELDING-GOGGLES,c8e6ce76faf3e1fb57a80c48572a3bbdf9f6859a091eca2f958939def255b55d.jpg,fiber-laser-welding-goggles-1000x1000.jpg,products/c8e6ce76faf3e1fb57a80c48572a3bbdf9f6859a091eca2f958939def255b55d.jpg,image/jpeg,jpg,28912,c8e6ce76faf3e1fb57a80c48572a3bbdf9f6859a091eca2f958939def255b55d,1000,426,Fiber Laser Welding Goggles,30,false
LASER-LENSE-CLEANING-SWABS,1f82fc7a6b4bdecee0704127c6c905993180cd462cd90b7404517e225dfd4d28.jpg,cleaning-swabs-1000x1000.jpg,products/1f82fc7a6b4bdecee0704127c6c905993180cd462cd90b7404517e225dfd4d28.jpg,image/jpeg,jpg,62767,1f82fc7a6b4bdecee0704127c6c905993180cd462cd90b7404517e225dfd4d28,1000,1000,laser lense Cleaning Swabs,0,true
LASER-LENSE-CLEANING-SWABS,e530a64f2ca9d630c6c9454983cecd617a0ef3d0694b37e488652a7b81e0c59a.jpg,cleaning-swabs-1000x1000.jpg,products/e530a64f2ca9d630c6c9454983cecd617a0ef3d0694b37e488652a7b81e0c59a.jpg,image/jpeg,jpg,84229,e530a64f2ca9d630c6c9454983cecd617a0ef3d0694b37e488652a7b81e0c59a,1000,1000,laser lense Cleaning Swabs,10,false
LASER-LENSE-CLEANING-SWABS,abd9093ae25b061aead64602673c44ba18417bb290784962c5280f550bfbde08.jpeg,cleaning-swabs-1000x1000.jpeg,products/abd9093ae25b061aead64602673c44ba18417bb290784962c5280f550bfbde08.jpeg,image/jpeg,jpeg,52795,abd9093ae25b061aead64602673c44ba18417bb290784962c5280f550bfbde08,1000,1000,laser lense Cleaning Swabs,20,false
LENSE-CLEANING-COTTON-SWABS-FOR-LASER-MACHINE,7c98f572d72b53893dcb4bf7bb42c0c67d4cab0f77b670a90c2cc4b1e5a5a8a8.jpg,lense-cleaning-cotton-swabs-for-laser-machine-1000x1000.jpg,products/7c98f572d72b53893dcb4bf7bb42c0c67d4cab0f77b670a90c2cc4b1e5a5a8a8.jpg,image/jpeg,jpg,42149,7c98f572d72b53893dcb4bf7bb42c0c67d4cab0f77b670a90c2cc4b1e5a5a8a8,1000,887,Lense Cleaning Cotton Swabs For Laser Machine,0,true
LENSE-CLEANING-COTTON-SWABS-FOR-LASER-MACHINE,bd04372f3bc4c09bc7e0b6fc30eee1ebb4cb5c150e3081a87c393101a4944c9e.webp,lense-cleaning-cotton-swabs-for-laser-machine-1000x1000.webp,products/bd04372f3bc4c09bc7e0b6fc30eee1ebb4cb5c150e3081a87c393101a4944c9e.webp,image/webp,webp,54713,bd04372f3bc4c09bc7e0b6fc30eee1ebb4cb5c150e3081a87c393101a4944c9e,1000,1000,Lense Cleaning Cotton Swabs For Laser Machine,10,false
LENSE-CLEANING-COTTON-SWABS-FOR-LASER-MACHINE,1a53d5ec0c6078bef43889f0b005ff0f736d434da6010474fb5e971e428ce73b.webp,lense-cleaning-cotton-swabs-for-laser-machine-1000x1000.webp,products/1a53d5ec0c6078bef43889f0b005ff0f736d434da6010474fb5e971e428ce73b.webp,image/webp,webp,47382,1a53d5ec0c6078bef43889f0b005ff0f736d434da6010474fb5e971e428ce73b,1000,891,Lense Cleaning Cotton Swabs For Laser Machine,20,false
MAX-QBH-I-12-8X19-7-1-5KW,73b20e57b87ead38f74a5d09e68a05322d8b9f9c5e90c34d46854084de07b6de.webp,max-qbh-i-12-8x19-7-1-5kw-1000x1000.webp,products/73b20e57b87ead38f74a5d09e68a05322d8b9f9c5e90c34d46854084de07b6de.webp,image/webp,webp,47725,73b20e57b87ead38f74a5d09e68a05322d8b9f9c5e90c34d46854084de07b6de,1000,764,MAX QBH I 12.8x19.7 (1.5kw),0,true
MAX-QBH-I-12-8X19-7-1-5KW,685a5a3d8aebaaf07f7eef01e2ed39102e105edeba4fba6ec90848a7e1b4b2f0.webp,max-qbh-i-12-8x19-7-1-5kw-1000x1000.webp,products/685a5a3d8aebaaf07f7eef01e2ed39102e105edeba4fba6ec90848a7e1b4b2f0.webp,image/webp,webp,51918,685a5a3d8aebaaf07f7eef01e2ed39102e105edeba4fba6ec90848a7e1b4b2f0,1000,825,MAX QBH I 12.8x19.7 (1.5kw),10,false
MAX-QBH-I-12-8X19-7-1-5KW,8d73e701ad727a6c6d1ffc3963a8c73ea8023d6de0c6117d6846ef28a104ed33.webp,max-qbh-i-12-8x19-7-1-5kw-1000x1000.webp,products/8d73e701ad727a6c6d1ffc3963a8c73ea8023d6de0c6117d6846ef28a104ed33.webp,image/webp,webp,58137,8d73e701ad727a6c6d1ffc3963a8c73ea8023d6de0c6117d6846ef28a104ed33,1000,738,MAX QBH I 12.8x19.7 (1.5kw),20,false
CYPCUT-2000C-CONTROL-CARD,9e5d75977c3cafc4d57663ce02e15bae8c39474661061a1798c953fbcb3d5d9e.webp,cypcut-2000c-control-card-1000x1000.webp,products/9e5d75977c3cafc4d57663ce02e15bae8c39474661061a1798c953fbcb3d5d9e.webp,image/webp,webp,65591,9e5d75977c3cafc4d57663ce02e15bae8c39474661061a1798c953fbcb3d5d9e,776,1000,Cypcut 2000c Control Card,0,true
CYPCUT-2000C-CONTROL-CARD,0e50d61358903f923a60fe0224a4363814e260882c969c4b91ec0f51f03e8631.webp,cypcut-2000c-control-card-1000x1000.webp,products/0e50d61358903f923a60fe0224a4363814e260882c969c4b91ec0f51f03e8631.webp,image/webp,webp,81478,0e50d61358903f923a60fe0224a4363814e260882c969c4b91ec0f51f03e8631,1000,824,Cypcut 2000c Control Card,10,false
CYPCUT-2000C-CONTROL-CARD,f901621afddf969dca1951f2d09fda18e8df6cfaedf99872768db0b3ee622acc.webp,cypcut-2000c-control-card-1000x1000.webp,products/f901621afddf969dca1951f2d09fda18e8df6cfaedf99872768db0b3ee622acc.webp,image/webp,webp,61368,f901621afddf969dca1951f2d09fda18e8df6cfaedf99872768db0b3ee622acc,1000,771,Cypcut 2000c Control Card,20,false
SMC-PROPORTIONAL-VALVE-10BAR,4dc4b2217b570451991f9f78fa68306fa56a977c65473c85ffd18e68a3f2b8b5.webp,smc-proportional-valve-10bar-1000x1000.webp,products/4dc4b2217b570451991f9f78fa68306fa56a977c65473c85ffd18e68a3f2b8b5.webp,image/webp,webp,49881,4dc4b2217b570451991f9f78fa68306fa56a977c65473c85ffd18e68a3f2b8b5,1000,777,SMC Proportional Valve - 10bar,0,true
SMC-PROPORTIONAL-VALVE-10BAR,64d77a7158ab7e70cb2abb13d947f515e216cc7345985597876ce915371b1bf7.webp,smc-proportional-valve-10bar-1000x1000.webp,products/64d77a7158ab7e70cb2abb13d947f515e216cc7345985597876ce915371b1bf7.webp,image/webp,webp,42288,64d77a7158ab7e70cb2abb13d947f515e216cc7345985597876ce915371b1bf7,682,1000,SMC Proportional Valve - 10bar,10,false
SMC-PROPORTIONAL-VALVE-10BAR,5adba32b48a06fd64529991e12791318ea829ddc6a4569ee615b2fda7b6722e2.webp,smc-proportional-valve-10bar-1000x1000.webp,products/5adba32b48a06fd64529991e12791318ea829ddc6a4569ee615b2fda7b6722e2.webp,image/webp,webp,53248,5adba32b48a06fd64529991e12791318ea829ddc6a4569ee615b2fda7b6722e2,1000,784,SMC Proportional Valve - 10bar,20,false
SMC-PROPORTIONAL-VALVE-10BAR,20d19f52e6081526ece6ed4f7b080ab3231bfc05ef807c20f9c28a487a7ab5e9.webp,smc-proportional-valve-30bar-1000x1000.webp,products/20d19f52e6081526ece6ed4f7b080ab3231bfc05ef807c20f9c28a487a7ab5e9.webp,image/webp,webp,14858,20d19f52e6081526ece6ed4f7b080ab3231bfc05ef807c20f9c28a487a7ab5e9,1000,771,SMC Proportional Valve - 10bar,30,false
RF-CABLE-OR-SENSOR-CABLE-CONNECTOR-COPPER,8f8b0b9e2ff84ff8763d493d61527cf6cab0af9a5ec01d819df19bf669d437be.jpg,rf-cable-or-sensor-cable-connector-copper-1000x1000.jpg,products/8f8b0b9e2ff84ff8763d493d61527cf6cab0af9a5ec01d819df19bf669d437be.jpg,image/jpeg,jpg,42801,8f8b0b9e2ff84ff8763d493d61527cf6cab0af9a5ec01d819df19bf669d437be,1000,1000,RF Cable or Sensor Cable Connector (Copper),0,true
RF-CABLE-OR-SENSOR-CABLE-CONNECTOR-COPPER,a3a7fd1a48d1426d4d20a2ddda721d3f14bba6d2f4f54410cf25ceb0d00a93c7.webp,rf-cable-or-sensor-cable-connector-copper-1000x1000.webp,products/a3a7fd1a48d1426d4d20a2ddda721d3f14bba6d2f4f54410cf25ceb0d00a93c7.webp,image/webp,webp,39262,a3a7fd1a48d1426d4d20a2ddda721d3f14bba6d2f4f54410cf25ceb0d00a93c7,870,756,RF Cable or Sensor Cable Connector (Copper),10,false
RF-CABLE-OR-SENSOR-CABLE-CONNECTOR-COPPER,ba826cf22c02f3bef297730d5f226434fb6b34e5f8bd9e449047ad38c62eea73.webp,rf-cable-or-sensor-cable-connector-copper-1000x1000.webp,products/ba826cf22c02f3bef297730d5f226434fb6b34e5f8bd9e449047ad38c62eea73.webp,image/webp,webp,31973,ba826cf22c02f3bef297730d5f226434fb6b34e5f8bd9e449047ad38c62eea73,1000,546,RF Cable or Sensor Cable Connector (Copper),20,false
RF-CABLE-OR-SENSOR-CABLE-CONNECTOR-COPPER,e2689541ffd1b9f7f1e54906cf1d666fc199e5ac609106f44fbc0929b86eccb8.webp,fiber-optic-sensor-cable-1000x1000.webp,products/e2689541ffd1b9f7f1e54906cf1d666fc199e5ac609106f44fbc0929b86eccb8.webp,image/webp,webp,62155,e2689541ffd1b9f7f1e54906cf1d666fc199e5ac609106f44fbc0929b86eccb8,1000,1000,RF Cable or Sensor Cable Connector (Copper),30,false
CYPCUT-OEM-REMOTE-CONTROLLER,e70f916a80081844b14c1a853a276ecd99ef9a39c4e8173d4e26e663cbebeaed.webp,cypcut-oem-remote-controller-1000x1000.webp,products/e70f916a80081844b14c1a853a276ecd99ef9a39c4e8173d4e26e663cbebeaed.webp,image/webp,webp,53650,e70f916a80081844b14c1a853a276ecd99ef9a39c4e8173d4e26e663cbebeaed,1000,757,Cypcut OEM Remote Controller,0,true
CYPCUT-OEM-REMOTE-CONTROLLER,f30ea74532c36e94bccc507ecb6dc1b36f1ae4c09cd6e757fdfd43ece4d15a2d.webp,cypcut-oem-remote-controller-1000x1000.webp,products/f30ea74532c36e94bccc507ecb6dc1b36f1ae4c09cd6e757fdfd43ece4d15a2d.webp,image/webp,webp,27799,f30ea74532c36e94bccc507ecb6dc1b36f1ae4c09cd6e757fdfd43ece4d15a2d,1000,854,Cypcut OEM Remote Controller,10,false
CYPCUT-OEM-REMOTE-CONTROLLER,f19a9630c2fc9bd4aef5f76cd2d63d039f80d610842295ff33b29a4261717da9.webp,cypcut-oem-remote-controller-1000x1000.webp,products/f19a9630c2fc9bd4aef5f76cd2d63d039f80d610842295ff33b29a4261717da9.webp,image/webp,webp,66569,f19a9630c2fc9bd4aef5f76cd2d63d039f80d610842295ff33b29a4261717da9,1000,656,Cypcut OEM Remote Controller,20,false
COPPER-RF-CABLE-SENSOR-CABLE-FOR-RAYTOOL,f8f4ce415ec46aafecfd4975580cc980932fbac7bb006450fde03717ae0db912.webp,copper-rf-cable-sensor-cable-for-raytool-1000x1000.webp,products/f8f4ce415ec46aafecfd4975580cc980932fbac7bb006450fde03717ae0db912.webp,image/webp,webp,62928,f8f4ce415ec46aafecfd4975580cc980932fbac7bb006450fde03717ae0db912,1000,1000,Copper RF Cable/ Sensor Cable For Raytool,0,true
COPPER-RF-CABLE-SENSOR-CABLE-FOR-RAYTOOL,659fbdb9ea6863cbeac8baebfd83345fd055d199a0bfe46f54412e0d7ecd7fbb.webp,copper-rf-cable-sensor-cable-for-raytool-1000x1000.webp,products/659fbdb9ea6863cbeac8baebfd83345fd055d199a0bfe46f54412e0d7ecd7fbb.webp,image/webp,webp,52436,659fbdb9ea6863cbeac8baebfd83345fd055d199a0bfe46f54412e0d7ecd7fbb,1000,830,Copper RF Cable/ Sensor Cable For Raytool,10,false
COPPER-RF-CABLE-SENSOR-CABLE-FOR-RAYTOOL,1302d28670e2421e0bafee7ecc5f94e764d592fb16d300f77e7592e6be1174f2.webp,copper-rf-cable-sensor-cable-for-raytool-1000x1000.webp,products/1302d28670e2421e0bafee7ecc5f94e764d592fb16d300f77e7592e6be1174f2.webp,image/webp,webp,62189,1302d28670e2421e0bafee7ecc5f94e764d592fb16d300f77e7592e6be1174f2,1000,968,Copper RF Cable/ Sensor Cable For Raytool,20,false
COPPER-RF-CABLE-SENSOR-CABLE-FOR-OSPRI-WSX,df319cd76135eaf4ec184e799b78826c6984ecf450dda896fbfe96b58e14cfcc.webp,copper-rf-cable-sensor-cable-for-ospri-wsx-1000x1000.webp,products/df319cd76135eaf4ec184e799b78826c6984ecf450dda896fbfe96b58e14cfcc.webp,image/webp,webp,121677,df319cd76135eaf4ec184e799b78826c6984ecf450dda896fbfe96b58e14cfcc,1000,563,Copper RF Cable/ Sensor Cable For Ospri & WSX,0,true
COPPER-RF-CABLE-SENSOR-CABLE-FOR-OSPRI-WSX,5b791e027773b4ba1054af68e17caac8cc16c5650ac38c90db8d377232c030b7.jpeg,copper-rf-cable-sensor-cable-for-ospri-wsx-1000x1000.jpeg,products/5b791e027773b4ba1054af68e17caac8cc16c5650ac38c90db8d377232c030b7.jpeg,image/jpeg,jpeg,86093,5b791e027773b4ba1054af68e17caac8cc16c5650ac38c90db8d377232c030b7,1000,596,Copper RF Cable/ Sensor Cable For Ospri & WSX,10,false
COPPER-RF-CABLE-SENSOR-CABLE-FOR-OSPRI-WSX,e2689541ffd1b9f7f1e54906cf1d666fc199e5ac609106f44fbc0929b86eccb8.webp,copper-rf-cable-sensor-cable-for-raytool-1000x1000.webp,products/e2689541ffd1b9f7f1e54906cf1d666fc199e5ac609106f44fbc0929b86eccb8.webp,image/webp,webp,62155,e2689541ffd1b9f7f1e54906cf1d666fc199e5ac609106f44fbc0929b86eccb8,1000,1000,Copper RF Cable/ Sensor Cable For Ospri & WSX,20,false
WSX-NC30-SENSOR-HEAD,8121fd27668f3e5829f4bdfbbe966579dc70195f55206dada833e0c738f38fcb.png,wsx-nc30-sensor-head-1000x1000.png,products/8121fd27668f3e5829f4bdfbbe966579dc70195f55206dada833e0c738f38fcb.png,image/png,png,232735,8121fd27668f3e5829f4bdfbbe966579dc70195f55206dada833e0c738f38fcb,1000,1000,WSX NC30 Sensor Head,0,true
WSX-NC30-SENSOR-HEAD,7940aadd7dbaf8270ec4efdbf96bca3873110f4493965d8c89eaae3a83ae768d.png,wsx-nc30-sensor-head-1000x1000.png,products/7940aadd7dbaf8270ec4efdbf96bca3873110f4493965d8c89eaae3a83ae768d.png,image/png,png,187738,7940aadd7dbaf8270ec4efdbf96bca3873110f4493965d8c89eaae3a83ae768d,1000,1000,WSX NC30 Sensor Head,10,false
WSX-NC30-SENSOR-HEAD,537a0d14e64551736045de7e3df3909e78ad0703c518a4c63851e358b1e7b8d2.webp,wsx-nc30-sensor-head-1000x1000.webp,products/537a0d14e64551736045de7e3df3909e78ad0703c518a4c63851e358b1e7b8d2.webp,image/webp,webp,57898,537a0d14e64551736045de7e3df3909e78ad0703c518a4c63851e358b1e7b8d2,1000,953,WSX NC30 Sensor Head,20,false
MAX-LASER-SOURCE,4195553231f5895cb0884ee27ce2fc9ce4fbf05752e75f8465f8a3f6b01d14e3.jpg,max-laser-source-1000x1000.jpg,products/4195553231f5895cb0884ee27ce2fc9ce4fbf05752e75f8465f8a3f6b01d14e3.jpg,image/jpeg,jpg,48801,4195553231f5895cb0884ee27ce2fc9ce4fbf05752e75f8465f8a3f6b01d14e3,1000,656,MAX Laser Source,0,true
MAX-LASER-SOURCE,a17fbeb5fd7ce1523a4e28d2609a59e032d6a146f6eb9a4aeb2e555143a93b82.webp,max-laser-source-1000x1000.webp,products/a17fbeb5fd7ce1523a4e28d2609a59e032d6a146f6eb9a4aeb2e555143a93b82.webp,image/webp,webp,67972,a17fbeb5fd7ce1523a4e28d2609a59e032d6a146f6eb9a4aeb2e555143a93b82,1000,796,MAX Laser Source,10,false
MAX-LASER-SOURCE,150df47c3c2469e0b6c5c7bdb99defab6581e06c18f5fc0e3c8e89735a6aea39.jpg,max-laser-source-1000x1000.jpg,products/150df47c3c2469e0b6c5c7bdb99defab6581e06c18f5fc0e3c8e89735a6aea39.jpg,image/jpeg,jpg,70680,150df47c3c2469e0b6c5c7bdb99defab6581e06c18f5fc0e3c8e89735a6aea39,1000,725,MAX Laser Source,20,false
BYSTRONIC-CNC-PRESS-BRAKE-225-TON-CNC-BENDING-SERVICES,907fdbdbfe8a96657ee78da9f2ad5993457d8d4bb8dee593dd45839dba835d5d.jpg,bystronic-cnc-press-brake-225-ton-cnc-bending-services-1000x1000.jpg,products/907fdbdbfe8a96657ee78da9f2ad5993457d8d4bb8dee593dd45839dba835d5d.jpg,image/jpeg,jpg,121564,907fdbdbfe8a96657ee78da9f2ad5993457d8d4bb8dee593dd45839dba835d5d,1000,750,Bystronic CNC Press Brake 225 Ton CNC Bending Services,0,true
BYSTRONIC-CNC-PRESS-BRAKE-225-TON-CNC-BENDING-SERVICES,34daf415ee05ae94387498545674e7516c9c7f702400841f51532c7b28b11075.jpg,bystronic-cnc-press-brake-225-ton-cnc-bending-services-1000x1000.jpg,products/34daf415ee05ae94387498545674e7516c9c7f702400841f51532c7b28b11075.jpg,image/jpeg,jpg,122508,34daf415ee05ae94387498545674e7516c9c7f702400841f51532c7b28b11075,1000,750,Bystronic CNC Press Brake 225 Ton CNC Bending Services,10,false
BYSTRONIC-CNC-PRESS-BRAKE-225-TON-CNC-BENDING-SERVICES,abb48abdf49f9380e23869019669c5133f82a255c908a89638a7eec78eb3a37a.jpg,bystronic-cnc-press-brake-225-ton-cnc-bending-services-1000x1000.jpg,products/abb48abdf49f9380e23869019669c5133f82a255c908a89638a7eec78eb3a37a.jpg,image/jpeg,jpg,72866,abb48abdf49f9380e23869019669c5133f82a255c908a89638a7eec78eb3a37a,1000,749,Bystronic CNC Press Brake 225 Ton CNC Bending Services,20,false
OSPRI-LC808-COLLIMATION-LENS-37X100,141314098a635ab83aad154d554be367c752ce20e29612a9491de3b1fa92cf1d.png,ospri-lc808-collimation-lens-37x100-1000x1000.png,products/141314098a635ab83aad154d554be367c752ce20e29612a9491de3b1fa92cf1d.png,image/png,png,142578,141314098a635ab83aad154d554be367c752ce20e29612a9491de3b1fa92cf1d,1000,537,OSPRI LC808 Collimation Lens : 37x100,0,true
OSPRI-LC808-COLLIMATION-LENS-37X100,bbeab2985483aa5163e1e6d409bebe9c1a15705714c9c39d88e32ec13ef5d7b6.png,ospri-lc808-collimation-lens-37x100-1000x1000.png,products/bbeab2985483aa5163e1e6d409bebe9c1a15705714c9c39d88e32ec13ef5d7b6.png,image/png,png,434433,bbeab2985483aa5163e1e6d409bebe9c1a15705714c9c39d88e32ec13ef5d7b6,1000,1000,OSPRI LC808 Collimation Lens : 37x100,10,false
OSPRI-LC808-COLLIMATION-LENS-37X100,ce116f8ae8a984d095220101bc4bf4718710260027a8e9bede0e9e4cbe3c8818.webp,ospri-lc808-collimation-lens-37x100-1000x1000.webp,products/ce116f8ae8a984d095220101bc4bf4718710260027a8e9bede0e9e4cbe3c8818.webp,image/webp,webp,77570,ce116f8ae8a984d095220101bc4bf4718710260027a8e9bede0e9e4cbe3c8818,1000,993,OSPRI LC808 Collimation Lens : 37x100,20,false
OSPRI-LC808-COLLIMATION-LENS-37X100,bf1efc4ae4544bfa865ca18c713df3a7503f12798b3c464453e763c53654b3eb.png,ospri-lc808-collimation-lens-37x100-1000x1000.png,products/bf1efc4ae4544bfa865ca18c713df3a7503f12798b3c464453e763c53654b3eb.png,image/png,png,357534,bf1efc4ae4544bfa865ca18c713df3a7503f12798b3c464453e763c53654b3eb,1000,930,OSPRI LC808 Collimation Lens : 37x100,30,false
OSPRI-LC808-COLLIMATION-LENS-37X100,4e6df05e269da7974b6b1f6faecf682bb430a57c2f650223bfd08c909347d44d.webp,ospri-lc808-collimation-lens-37x100-1000x1000.webp,products/4e6df05e269da7974b6b1f6faecf682bb430a57c2f650223bfd08c909347d44d.webp,image/webp,webp,63548,4e6df05e269da7974b6b1f6faecf682bb430a57c2f650223bfd08c909347d44d,1000,907,OSPRI LC808 Collimation Lens : 37x100,40,false
KONTACT-IPA-SPRAY-FOR-LENS-CLEANING,4adc0dcd42e6f86c0703fdb978da38c04a8f3f9389e1c2be48546fadb8ff1e2a.jpg,kontact-ipa-spray-for-lens-cleaning-1000x1000.jpg,products/4adc0dcd42e6f86c0703fdb978da38c04a8f3f9389e1c2be48546fadb8ff1e2a.jpg,image/jpeg,jpg,36161,4adc0dcd42e6f86c0703fdb978da38c04a8f3f9389e1c2be48546fadb8ff1e2a,1000,1000,Kontact IPA Spray For Lens Cleaning,0,true
KONTACT-IPA-SPRAY-FOR-LENS-CLEANING,d5ca2f80b7dd2231fd4db8265f5e487dca44d454b1c1c2b513eafccee4796848.jpg,kontact-ipa-spray-for-lens-cleaning-1000x1000.jpg,products/d5ca2f80b7dd2231fd4db8265f5e487dca44d454b1c1c2b513eafccee4796848.jpg,image/jpeg,jpg,29927,d5ca2f80b7dd2231fd4db8265f5e487dca44d454b1c1c2b513eafccee4796848,500,500,Kontact IPA Spray For Lens Cleaning,10,false
KONTACT-IPA-SPRAY-FOR-LENS-CLEANING,b43bb39e5cbf93acd8d2e4f78ce29f35c466182217aa8dab154512b438753ec0.jpg,kontact-ipa-spray-for-lens-cleaning-1000x1000.jpg,products/b43bb39e5cbf93acd8d2e4f78ce29f35c466182217aa8dab154512b438753ec0.jpg,image/jpeg,jpg,15561,b43bb39e5cbf93acd8d2e4f78ce29f35c466182217aa8dab154512b438753ec0,500,500,Kontact IPA Spray For Lens Cleaning,20,false
KONTACT-IPA-SPRAY-FOR-LENS-CLEANING,4778dd2596f4a2ce5eec5b3d8afa6d09d3fc4f7b41285ffb0aa9907658907f66.jpg,kontact-ipa-spray-for-lens-cleaning-1000x1000.jpg,products/4778dd2596f4a2ce5eec5b3d8afa6d09d3fc4f7b41285ffb0aa9907658907f66.jpg,image/jpeg,jpg,59235,4778dd2596f4a2ce5eec5b3d8afa6d09d3fc4f7b41285ffb0aa9907658907f66,1000,655,Kontact IPA Spray For Lens Cleaning,30,false
KONTACT-IPA-SPRAY-FOR-LENS-CLEANING,60fec8af31f501c3b9a0ac996f0fbcd8b0aa781758d4b2e4801f8c2d89db2b5f.jpg,kontact-ipa-spray-for-lens-cleaning-1000x1000.jpg,products/60fec8af31f501c3b9a0ac996f0fbcd8b0aa781758d4b2e4801f8c2d89db2b5f.jpg,image/jpeg,jpg,34514,60fec8af31f501c3b9a0ac996f0fbcd8b0aa781758d4b2e4801f8c2d89db2b5f,1000,533,Kontact IPA Spray For Lens Cleaning,40,false
